Title,Category,Theme,Dimensions,Platforms,PNG,Editable SVG,PDF,Production notes
Imagination. Made tangible.,Social,day,1080x1080,Instagram; Facebook; Threads; Bluesky; Mastodon; LinkedIn; Google Business Profile; WhatsApp,social/01-imagination/day/square.png,social/01-imagination/day/square.svg,,
Imagination. Made tangible.,Social,day,1080x1350,Instagram; Facebook; LinkedIn; Threads,social/01-imagination/day/portrait.png,social/01-imagination/day/portrait.svg,,
Imagination. Made tangible.,Social,day,1080x1920,Instagram Stories; Instagram Reels cover; Facebook Stories; TikTok cover; YouTube Shorts cover; Snapchat; WhatsApp Status,social/01-imagination/day/vertical.png,social/01-imagination/day/vertical.svg,,
Imagination. Made tangible.,Social,day,1200x627,LinkedIn; Facebook; X; Bluesky; Mastodon; Reddit,social/01-imagination/day/landscape.png,social/01-imagination/day/landscape.svg,,
Imagination. Made tangible.,Social,day,1000x1500,Pinterest,social/01-imagination/day/pin.png,social/01-imagination/day/pin.svg,,
Imagination. Made tangible.,Social,night,1080x1080,Instagram; Facebook; Threads; Bluesky; Mastodon; LinkedIn; Google Business Profile; WhatsApp,social/01-imagination/night/square.png,social/01-imagination/night/square.svg,,
Imagination. Made tangible.,Social,night,1080x1350,Instagram; Facebook; LinkedIn; Threads,social/01-imagination/night/portrait.png,social/01-imagination/night/portrait.svg,,
Imagination. Made tangible.,Social,night,1080x1920,Instagram Stories; Instagram Reels cover; Facebook Stories; TikTok cover; YouTube Shorts cover; Snapchat; WhatsApp Status,social/01-imagination/night/vertical.png,social/01-imagination/night/vertical.svg,,
Imagination. Made tangible.,Social,night,1200x627,LinkedIn; Facebook; X; Bluesky; Mastodon; Reddit,social/01-imagination/night/landscape.png,social/01-imagination/night/landscape.svg,,
Imagination. Made tangible.,Social,night,1000x1500,Pinterest,social/01-imagination/night/pin.png,social/01-imagination/night/pin.svg,,
One studio. Two lights.,Social,day,1080x1080,Instagram; Facebook; Threads; Bluesky; Mastodon; LinkedIn; Google Business Profile; WhatsApp,social/02-two-lights/day/square.png,social/02-two-lights/day/square.svg,,
One studio. Two lights.,Social,day,1080x1350,Instagram; Facebook; LinkedIn; Threads,social/02-two-lights/day/portrait.png,social/02-two-lights/day/portrait.svg,,
One studio. Two lights.,Social,day,1080x1920,Instagram Stories; Instagram Reels cover; Facebook Stories; TikTok cover; YouTube Shorts cover; Snapchat; WhatsApp Status,social/02-two-lights/day/vertical.png,social/02-two-lights/day/vertical.svg,,
One studio. Two lights.,Social,day,1200x627,LinkedIn; Facebook; X; Bluesky; Mastodon; Reddit,social/02-two-lights/day/landscape.png,social/02-two-lights/day/landscape.svg,,
One studio. Two lights.,Social,day,1000x1500,Pinterest,social/02-two-lights/day/pin.png,social/02-two-lights/day/pin.svg,,
One studio. Two lights.,Social,night,1080x1080,Instagram; Facebook; Threads; Bluesky; Mastodon; LinkedIn; Google Business Profile; WhatsApp,social/02-two-lights/night/square.png,social/02-two-lights/night/square.svg,,
One studio. Two lights.,Social,night,1080x1350,Instagram; Facebook; LinkedIn; Threads,social/02-two-lights/night/portrait.png,social/02-two-lights/night/portrait.svg,,
One studio. Two lights.,Social,night,1080x1920,Instagram Stories; Instagram Reels cover; Facebook Stories; TikTok cover; YouTube Shorts cover; Snapchat; WhatsApp Status,social/02-two-lights/night/vertical.png,social/02-two-lights/night/vertical.svg,,
One studio. Two lights.,Social,night,1200x627,LinkedIn; Facebook; X; Bluesky; Mastodon; Reddit,social/02-two-lights/night/landscape.png,social/02-two-lights/night/landscape.svg,,
One studio. Two lights.,Social,night,1000x1500,Pinterest,social/02-two-lights/night/pin.png,social/02-two-lights/night/pin.svg,,
Small team. Big imagination.,Social,day,1080x1080,Instagram; Facebook; Threads; Bluesky; Mastodon; LinkedIn; Google Business Profile; WhatsApp,social/03-small-mighty/day/square.png,social/03-small-mighty/day/square.svg,,
Small team. Big imagination.,Social,day,1080x1350,Instagram; Facebook; LinkedIn; Threads,social/03-small-mighty/day/portrait.png,social/03-small-mighty/day/portrait.svg,,
Small team. Big imagination.,Social,day,1080x1920,Instagram Stories; Instagram Reels cover; Facebook Stories; TikTok cover; YouTube Shorts cover; Snapchat; WhatsApp Status,social/03-small-mighty/day/vertical.png,social/03-small-mighty/day/vertical.svg,,
Small team. Big imagination.,Social,day,1200x627,LinkedIn; Facebook; X; Bluesky; Mastodon; Reddit,social/03-small-mighty/day/landscape.png,social/03-small-mighty/day/landscape.svg,,
Small team. Big imagination.,Social,day,1000x1500,Pinterest,social/03-small-mighty/day/pin.png,social/03-small-mighty/day/pin.svg,,
Small team. Big imagination.,Social,night,1080x1080,Instagram; Facebook; Threads; Bluesky; Mastodon; LinkedIn; Google Business Profile; WhatsApp,social/03-small-mighty/night/square.png,social/03-small-mighty/night/square.svg,,
Small team. Big imagination.,Social,night,1080x1350,Instagram; Facebook; LinkedIn; Threads,social/03-small-mighty/night/portrait.png,social/03-small-mighty/night/portrait.svg,,
Small team. Big imagination.,Social,night,1080x1920,Instagram Stories; Instagram Reels cover; Facebook Stories; TikTok cover; YouTube Shorts cover; Snapchat; WhatsApp Status,social/03-small-mighty/night/vertical.png,social/03-small-mighty/night/vertical.svg,,
Small team. Big imagination.,Social,night,1200x627,LinkedIn; Facebook; X; Bluesky; Mastodon; Reddit,social/03-small-mighty/night/landscape.png,social/03-small-mighty/night/landscape.svg,,
Small team. Big imagination.,Social,night,1000x1500,Pinterest,social/03-small-mighty/night/pin.png,social/03-small-mighty/night/pin.svg,,
Made with Atlanta energy.,Social,day,1080x1080,Instagram; Facebook; Threads; Bluesky; Mastodon; LinkedIn; Google Business Profile; WhatsApp,social/04-atlanta/day/square.png,social/04-atlanta/day/square.svg,,
Made with Atlanta energy.,Social,day,1080x1350,Instagram; Facebook; LinkedIn; Threads,social/04-atlanta/day/portrait.png,social/04-atlanta/day/portrait.svg,,
Made with Atlanta energy.,Social,day,1080x1920,Instagram Stories; Instagram Reels cover; Facebook Stories; TikTok cover; YouTube Shorts cover; Snapchat; WhatsApp Status,social/04-atlanta/day/vertical.png,social/04-atlanta/day/vertical.svg,,
Made with Atlanta energy.,Social,day,1200x627,LinkedIn; Facebook; X; Bluesky; Mastodon; Reddit,social/04-atlanta/day/landscape.png,social/04-atlanta/day/landscape.svg,,
Made with Atlanta energy.,Social,day,1000x1500,Pinterest,social/04-atlanta/day/pin.png,social/04-atlanta/day/pin.svg,,
Made with Atlanta energy.,Social,night,1080x1080,Instagram; Facebook; Threads; Bluesky; Mastodon; LinkedIn; Google Business Profile; WhatsApp,social/04-atlanta/night/square.png,social/04-atlanta/night/square.svg,,
Made with Atlanta energy.,Social,night,1080x1350,Instagram; Facebook; LinkedIn; Threads,social/04-atlanta/night/portrait.png,social/04-atlanta/night/portrait.svg,,
Made with Atlanta energy.,Social,night,1080x1920,Instagram Stories; Instagram Reels cover; Facebook Stories; TikTok cover; YouTube Shorts cover; Snapchat; WhatsApp Status,social/04-atlanta/night/vertical.png,social/04-atlanta/night/vertical.svg,,
Made with Atlanta energy.,Social,night,1200x627,LinkedIn; Facebook; X; Bluesky; Mastodon; Reddit,social/04-atlanta/night/landscape.png,social/04-atlanta/night/landscape.svg,,
Made with Atlanta energy.,Social,night,1000x1500,Pinterest,social/04-atlanta/night/pin.png,social/04-atlanta/night/pin.svg,,
Make the complicated clear.,Social,day,1080x1080,Instagram; Facebook; Threads; Bluesky; Mastodon; LinkedIn; Google Business Profile; WhatsApp,social/05-software/day/square.png,social/05-software/day/square.svg,,
Make the complicated clear.,Social,day,1080x1350,Instagram; Facebook; LinkedIn; Threads,social/05-software/day/portrait.png,social/05-software/day/portrait.svg,,
Make the complicated clear.,Social,day,1080x1920,Instagram Stories; Instagram Reels cover; Facebook Stories; TikTok cover; YouTube Shorts cover; Snapchat; WhatsApp Status,social/05-software/day/vertical.png,social/05-software/day/vertical.svg,,
Make the complicated clear.,Social,day,1200x627,LinkedIn; Facebook; X; Bluesky; Mastodon; Reddit,social/05-software/day/landscape.png,social/05-software/day/landscape.svg,,
Make the complicated clear.,Social,day,1000x1500,Pinterest,social/05-software/day/pin.png,social/05-software/day/pin.svg,,
Make the complicated clear.,Social,night,1080x1080,Instagram; Facebook; Threads; Bluesky; Mastodon; LinkedIn; Google Business Profile; WhatsApp,social/05-software/night/square.png,social/05-software/night/square.svg,,
Make the complicated clear.,Social,night,1080x1350,Instagram; Facebook; LinkedIn; Threads,social/05-software/night/portrait.png,social/05-software/night/portrait.svg,,
Make the complicated clear.,Social,night,1080x1920,Instagram Stories; Instagram Reels cover; Facebook Stories; TikTok cover; YouTube Shorts cover; Snapchat; WhatsApp Status,social/05-software/night/vertical.png,social/05-software/night/vertical.svg,,
Make the complicated clear.,Social,night,1200x627,LinkedIn; Facebook; X; Bluesky; Mastodon; Reddit,social/05-software/night/landscape.png,social/05-software/night/landscape.svg,,
Make the complicated clear.,Social,night,1000x1500,Pinterest,social/05-software/night/pin.png,social/05-software/night/pin.svg,,
Better software. Better handoffs.,Social,day,1080x1080,Instagram; Facebook; Threads; Bluesky; Mastodon; LinkedIn; Google Business Profile; WhatsApp,social/06-handoff/day/square.png,social/06-handoff/day/square.svg,,
Better software. Better handoffs.,Social,day,1080x1350,Instagram; Facebook; LinkedIn; Threads,social/06-handoff/day/portrait.png,social/06-handoff/day/portrait.svg,,
Better software. Better handoffs.,Social,day,1080x1920,Instagram Stories; Instagram Reels cover; Facebook Stories; TikTok cover; YouTube Shorts cover; Snapchat; WhatsApp Status,social/06-handoff/day/vertical.png,social/06-handoff/day/vertical.svg,,
Better software. Better handoffs.,Social,day,1200x627,LinkedIn; Facebook; X; Bluesky; Mastodon; Reddit,social/06-handoff/day/landscape.png,social/06-handoff/day/landscape.svg,,
Better software. Better handoffs.,Social,day,1000x1500,Pinterest,social/06-handoff/day/pin.png,social/06-handoff/day/pin.svg,,
Better software. Better handoffs.,Social,night,1080x1080,Instagram; Facebook; Threads; Bluesky; Mastodon; LinkedIn; Google Business Profile; WhatsApp,social/06-handoff/night/square.png,social/06-handoff/night/square.svg,,
Better software. Better handoffs.,Social,night,1080x1350,Instagram; Facebook; LinkedIn; Threads,social/06-handoff/night/portrait.png,social/06-handoff/night/portrait.svg,,
Better software. Better handoffs.,Social,night,1080x1920,Instagram Stories; Instagram Reels cover; Facebook Stories; TikTok cover; YouTube Shorts cover; Snapchat; WhatsApp Status,social/06-handoff/night/vertical.png,social/06-handoff/night/vertical.svg,,
Better software. Better handoffs.,Social,night,1200x627,LinkedIn; Facebook; X; Bluesky; Mastodon; Reddit,social/06-handoff/night/landscape.png,social/06-handoff/night/landscape.svg,,
Better software. Better handoffs.,Social,night,1000x1500,Pinterest,social/06-handoff/night/pin.png,social/06-handoff/night/pin.svg,,
From what if to what works.,Social,day,1080x1080,Instagram; Facebook; Threads; Bluesky; Mastodon; LinkedIn; Google Business Profile; WhatsApp,social/07-idea-product/day/square.png,social/07-idea-product/day/square.svg,,
From what if to what works.,Social,day,1080x1350,Instagram; Facebook; LinkedIn; Threads,social/07-idea-product/day/portrait.png,social/07-idea-product/day/portrait.svg,,
From what if to what works.,Social,day,1080x1920,Instagram Stories; Instagram Reels cover; Facebook Stories; TikTok cover; YouTube Shorts cover; Snapchat; WhatsApp Status,social/07-idea-product/day/vertical.png,social/07-idea-product/day/vertical.svg,,
From what if to what works.,Social,day,1200x627,LinkedIn; Facebook; X; Bluesky; Mastodon; Reddit,social/07-idea-product/day/landscape.png,social/07-idea-product/day/landscape.svg,,
From what if to what works.,Social,day,1000x1500,Pinterest,social/07-idea-product/day/pin.png,social/07-idea-product/day/pin.svg,,
From what if to what works.,Social,night,1080x1080,Instagram; Facebook; Threads; Bluesky; Mastodon; LinkedIn; Google Business Profile; WhatsApp,social/07-idea-product/night/square.png,social/07-idea-product/night/square.svg,,
From what if to what works.,Social,night,1080x1350,Instagram; Facebook; LinkedIn; Threads,social/07-idea-product/night/portrait.png,social/07-idea-product/night/portrait.svg,,
From what if to what works.,Social,night,1080x1920,Instagram Stories; Instagram Reels cover; Facebook Stories; TikTok cover; YouTube Shorts cover; Snapchat; WhatsApp Status,social/07-idea-product/night/vertical.png,social/07-idea-product/night/vertical.svg,,
From what if to what works.,Social,night,1200x627,LinkedIn; Facebook; X; Bluesky; Mastodon; Reddit,social/07-idea-product/night/landscape.png,social/07-idea-product/night/landscape.svg,,
From what if to what works.,Social,night,1000x1500,Pinterest,social/07-idea-product/night/pin.png,social/07-idea-product/night/pin.svg,,
Built for the long run.,Social,day,1080x1080,Instagram; Facebook; Threads; Bluesky; Mastodon; LinkedIn; Google Business Profile; WhatsApp,social/08-trailgoat/day/square.png,social/08-trailgoat/day/square.svg,,
Built for the long run.,Social,day,1080x1350,Instagram; Facebook; LinkedIn; Threads,social/08-trailgoat/day/portrait.png,social/08-trailgoat/day/portrait.svg,,
Built for the long run.,Social,day,1080x1920,Instagram Stories; Instagram Reels cover; Facebook Stories; TikTok cover; YouTube Shorts cover; Snapchat; WhatsApp Status,social/08-trailgoat/day/vertical.png,social/08-trailgoat/day/vertical.svg,,
Built for the long run.,Social,day,1200x627,LinkedIn; Facebook; X; Bluesky; Mastodon; Reddit,social/08-trailgoat/day/landscape.png,social/08-trailgoat/day/landscape.svg,,
Built for the long run.,Social,day,1000x1500,Pinterest,social/08-trailgoat/day/pin.png,social/08-trailgoat/day/pin.svg,,
Built for the long run.,Social,night,1080x1080,Instagram; Facebook; Threads; Bluesky; Mastodon; LinkedIn; Google Business Profile; WhatsApp,social/08-trailgoat/night/square.png,social/08-trailgoat/night/square.svg,,
Built for the long run.,Social,night,1080x1350,Instagram; Facebook; LinkedIn; Threads,social/08-trailgoat/night/portrait.png,social/08-trailgoat/night/portrait.svg,,
Built for the long run.,Social,night,1080x1920,Instagram Stories; Instagram Reels cover; Facebook Stories; TikTok cover; YouTube Shorts cover; Snapchat; WhatsApp Status,social/08-trailgoat/night/vertical.png,social/08-trailgoat/night/vertical.svg,,
Built for the long run.,Social,night,1200x627,LinkedIn; Facebook; X; Bluesky; Mastodon; Reddit,social/08-trailgoat/night/landscape.png,social/08-trailgoat/night/landscape.svg,,
Built for the long run.,Social,night,1000x1500,Pinterest,social/08-trailgoat/night/pin.png,social/08-trailgoat/night/pin.svg,,
A better next step.,Social,day,1080x1080,Instagram; Facebook; Threads; Bluesky; Mastodon; LinkedIn; Google Business Profile; WhatsApp,social/09-purple-squirrel/day/square.png,social/09-purple-squirrel/day/square.svg,,
A better next step.,Social,day,1080x1350,Instagram; Facebook; LinkedIn; Threads,social/09-purple-squirrel/day/portrait.png,social/09-purple-squirrel/day/portrait.svg,,
A better next step.,Social,day,1080x1920,Instagram Stories; Instagram Reels cover; Facebook Stories; TikTok cover; YouTube Shorts cover; Snapchat; WhatsApp Status,social/09-purple-squirrel/day/vertical.png,social/09-purple-squirrel/day/vertical.svg,,
A better next step.,Social,day,1200x627,LinkedIn; Facebook; X; Bluesky; Mastodon; Reddit,social/09-purple-squirrel/day/landscape.png,social/09-purple-squirrel/day/landscape.svg,,
A better next step.,Social,day,1000x1500,Pinterest,social/09-purple-squirrel/day/pin.png,social/09-purple-squirrel/day/pin.svg,,
A better next step.,Social,night,1080x1080,Instagram; Facebook; Threads; Bluesky; Mastodon; LinkedIn; Google Business Profile; WhatsApp,social/09-purple-squirrel/night/square.png,social/09-purple-squirrel/night/square.svg,,
A better next step.,Social,night,1080x1350,Instagram; Facebook; LinkedIn; Threads,social/09-purple-squirrel/night/portrait.png,social/09-purple-squirrel/night/portrait.svg,,
A better next step.,Social,night,1080x1920,Instagram Stories; Instagram Reels cover; Facebook Stories; TikTok cover; YouTube Shorts cover; Snapchat; WhatsApp Status,social/09-purple-squirrel/night/vertical.png,social/09-purple-squirrel/night/vertical.svg,,
A better next step.,Social,night,1200x627,LinkedIn; Facebook; X; Bluesky; Mastodon; Reddit,social/09-purple-squirrel/night/landscape.png,social/09-purple-squirrel/night/landscape.svg,,
A better next step.,Social,night,1000x1500,Pinterest,social/09-purple-squirrel/night/pin.png,social/09-purple-squirrel/night/pin.svg,,
A website with a point of view.,Social,day,1080x1080,Instagram; Facebook; Threads; Bluesky; Mastodon; LinkedIn; Google Business Profile; WhatsApp,social/10-web/day/square.png,social/10-web/day/square.svg,,
A website with a point of view.,Social,day,1080x1350,Instagram; Facebook; LinkedIn; Threads,social/10-web/day/portrait.png,social/10-web/day/portrait.svg,,
A website with a point of view.,Social,day,1080x1920,Instagram Stories; Instagram Reels cover; Facebook Stories; TikTok cover; YouTube Shorts cover; Snapchat; WhatsApp Status,social/10-web/day/vertical.png,social/10-web/day/vertical.svg,,
A website with a point of view.,Social,day,1200x627,LinkedIn; Facebook; X; Bluesky; Mastodon; Reddit,social/10-web/day/landscape.png,social/10-web/day/landscape.svg,,
A website with a point of view.,Social,day,1000x1500,Pinterest,social/10-web/day/pin.png,social/10-web/day/pin.svg,,
A website with a point of view.,Social,night,1080x1080,Instagram; Facebook; Threads; Bluesky; Mastodon; LinkedIn; Google Business Profile; WhatsApp,social/10-web/night/square.png,social/10-web/night/square.svg,,
A website with a point of view.,Social,night,1080x1350,Instagram; Facebook; LinkedIn; Threads,social/10-web/night/portrait.png,social/10-web/night/portrait.svg,,
A website with a point of view.,Social,night,1080x1920,Instagram Stories; Instagram Reels cover; Facebook Stories; TikTok cover; YouTube Shorts cover; Snapchat; WhatsApp Status,social/10-web/night/vertical.png,social/10-web/night/vertical.svg,,
A website with a point of view.,Social,night,1200x627,LinkedIn; Facebook; X; Bluesky; Mastodon; Reddit,social/10-web/night/landscape.png,social/10-web/night/landscape.svg,,
A website with a point of view.,Social,night,1000x1500,Pinterest,social/10-web/night/pin.png,social/10-web/night/pin.svg,,
Move people. Then pixels.,Social,day,1080x1080,Instagram; Facebook; Threads; Bluesky; Mastodon; LinkedIn; Google Business Profile; WhatsApp,social/11-motion/day/square.png,social/11-motion/day/square.svg,,
Move people. Then pixels.,Social,day,1080x1350,Instagram; Facebook; LinkedIn; Threads,social/11-motion/day/portrait.png,social/11-motion/day/portrait.svg,,
Move people. Then pixels.,Social,day,1080x1920,Instagram Stories; Instagram Reels cover; Facebook Stories; TikTok cover; YouTube Shorts cover; Snapchat; WhatsApp Status,social/11-motion/day/vertical.png,social/11-motion/day/vertical.svg,,
Move people. Then pixels.,Social,day,1200x627,LinkedIn; Facebook; X; Bluesky; Mastodon; Reddit,social/11-motion/day/landscape.png,social/11-motion/day/landscape.svg,,
Move people. Then pixels.,Social,day,1000x1500,Pinterest,social/11-motion/day/pin.png,social/11-motion/day/pin.svg,,
Move people. Then pixels.,Social,night,1080x1080,Instagram; Facebook; Threads; Bluesky; Mastodon; LinkedIn; Google Business Profile; WhatsApp,social/11-motion/night/square.png,social/11-motion/night/square.svg,,
Move people. Then pixels.,Social,night,1080x1350,Instagram; Facebook; LinkedIn; Threads,social/11-motion/night/portrait.png,social/11-motion/night/portrait.svg,,
Move people. Then pixels.,Social,night,1080x1920,Instagram Stories; Instagram Reels cover; Facebook Stories; TikTok cover; YouTube Shorts cover; Snapchat; WhatsApp Status,social/11-motion/night/vertical.png,social/11-motion/night/vertical.svg,,
Move people. Then pixels.,Social,night,1200x627,LinkedIn; Facebook; X; Bluesky; Mastodon; Reddit,social/11-motion/night/landscape.png,social/11-motion/night/landscape.svg,,
Move people. Then pixels.,Social,night,1000x1500,Pinterest,social/11-motion/night/pin.png,social/11-motion/night/pin.svg,,
A pile of blocks. A brand with life.,Social,day,1080x1080,Instagram; Facebook; Threads; Bluesky; Mastodon; LinkedIn; Google Business Profile; WhatsApp,social/12-brand-film/day/square.png,social/12-brand-film/day/square.svg,,
A pile of blocks. A brand with life.,Social,day,1080x1350,Instagram; Facebook; LinkedIn; Threads,social/12-brand-film/day/portrait.png,social/12-brand-film/day/portrait.svg,,
A pile of blocks. A brand with life.,Social,day,1080x1920,Instagram Stories; Instagram Reels cover; Facebook Stories; TikTok cover; YouTube Shorts cover; Snapchat; WhatsApp Status,social/12-brand-film/day/vertical.png,social/12-brand-film/day/vertical.svg,,
A pile of blocks. A brand with life.,Social,day,1200x627,LinkedIn; Facebook; X; Bluesky; Mastodon; Reddit,social/12-brand-film/day/landscape.png,social/12-brand-film/day/landscape.svg,,
A pile of blocks. A brand with life.,Social,day,1000x1500,Pinterest,social/12-brand-film/day/pin.png,social/12-brand-film/day/pin.svg,,
A pile of blocks. A brand with life.,Social,night,1080x1080,Instagram; Facebook; Threads; Bluesky; Mastodon; LinkedIn; Google Business Profile; WhatsApp,social/12-brand-film/night/square.png,social/12-brand-film/night/square.svg,,
A pile of blocks. A brand with life.,Social,night,1080x1350,Instagram; Facebook; LinkedIn; Threads,social/12-brand-film/night/portrait.png,social/12-brand-film/night/portrait.svg,,
A pile of blocks. A brand with life.,Social,night,1080x1920,Instagram Stories; Instagram Reels cover; Facebook Stories; TikTok cover; YouTube Shorts cover; Snapchat; WhatsApp Status,social/12-brand-film/night/vertical.png,social/12-brand-film/night/vertical.svg,,
A pile of blocks. A brand with life.,Social,night,1200x627,LinkedIn; Facebook; X; Bluesky; Mastodon; Reddit,social/12-brand-film/night/landscape.png,social/12-brand-film/night/landscape.svg,,
A pile of blocks. A brand with life.,Social,night,1000x1500,Pinterest,social/12-brand-film/night/pin.png,social/12-brand-film/night/pin.svg,,
Your browser. Our playground.,Social,day,1080x1080,Instagram; Facebook; Threads; Bluesky; Mastodon; LinkedIn; Google Business Profile; WhatsApp,social/13-webgl/day/square.png,social/13-webgl/day/square.svg,,
Your browser. Our playground.,Social,day,1080x1350,Instagram; Facebook; LinkedIn; Threads,social/13-webgl/day/portrait.png,social/13-webgl/day/portrait.svg,,
Your browser. Our playground.,Social,day,1080x1920,Instagram Stories; Instagram Reels cover; Facebook Stories; TikTok cover; YouTube Shorts cover; Snapchat; WhatsApp Status,social/13-webgl/day/vertical.png,social/13-webgl/day/vertical.svg,,
Your browser. Our playground.,Social,day,1200x627,LinkedIn; Facebook; X; Bluesky; Mastodon; Reddit,social/13-webgl/day/landscape.png,social/13-webgl/day/landscape.svg,,
Your browser. Our playground.,Social,day,1000x1500,Pinterest,social/13-webgl/day/pin.png,social/13-webgl/day/pin.svg,,
Your browser. Our playground.,Social,night,1080x1080,Instagram; Facebook; Threads; Bluesky; Mastodon; LinkedIn; Google Business Profile; WhatsApp,social/13-webgl/night/square.png,social/13-webgl/night/square.svg,,
Your browser. Our playground.,Social,night,1080x1350,Instagram; Facebook; LinkedIn; Threads,social/13-webgl/night/portrait.png,social/13-webgl/night/portrait.svg,,
Your browser. Our playground.,Social,night,1080x1920,Instagram Stories; Instagram Reels cover; Facebook Stories; TikTok cover; YouTube Shorts cover; Snapchat; WhatsApp Status,social/13-webgl/night/vertical.png,social/13-webgl/night/vertical.svg,,
Your browser. Our playground.,Social,night,1200x627,LinkedIn; Facebook; X; Bluesky; Mastodon; Reddit,social/13-webgl/night/landscape.png,social/13-webgl/night/landscape.svg,,
Your browser. Our playground.,Social,night,1000x1500,Pinterest,social/13-webgl/night/pin.png,social/13-webgl/night/pin.svg,,
Give your idea dimension.,Social,day,1080x1080,Instagram; Facebook; Threads; Bluesky; Mastodon; LinkedIn; Google Business Profile; WhatsApp,social/14-3d/day/square.png,social/14-3d/day/square.svg,,
Give your idea dimension.,Social,day,1080x1350,Instagram; Facebook; LinkedIn; Threads,social/14-3d/day/portrait.png,social/14-3d/day/portrait.svg,,
Give your idea dimension.,Social,day,1080x1920,Instagram Stories; Instagram Reels cover; Facebook Stories; TikTok cover; YouTube Shorts cover; Snapchat; WhatsApp Status,social/14-3d/day/vertical.png,social/14-3d/day/vertical.svg,,
Give your idea dimension.,Social,day,1200x627,LinkedIn; Facebook; X; Bluesky; Mastodon; Reddit,social/14-3d/day/landscape.png,social/14-3d/day/landscape.svg,,
Give your idea dimension.,Social,day,1000x1500,Pinterest,social/14-3d/day/pin.png,social/14-3d/day/pin.svg,,
Give your idea dimension.,Social,night,1080x1080,Instagram; Facebook; Threads; Bluesky; Mastodon; LinkedIn; Google Business Profile; WhatsApp,social/14-3d/night/square.png,social/14-3d/night/square.svg,,
Give your idea dimension.,Social,night,1080x1350,Instagram; Facebook; LinkedIn; Threads,social/14-3d/night/portrait.png,social/14-3d/night/portrait.svg,,
Give your idea dimension.,Social,night,1080x1920,Instagram Stories; Instagram Reels cover; Facebook Stories; TikTok cover; YouTube Shorts cover; Snapchat; WhatsApp Status,social/14-3d/night/vertical.png,social/14-3d/night/vertical.svg,,
Give your idea dimension.,Social,night,1200x627,LinkedIn; Facebook; X; Bluesky; Mastodon; Reddit,social/14-3d/night/landscape.png,social/14-3d/night/landscape.svg,,
Give your idea dimension.,Social,night,1000x1500,Pinterest,social/14-3d/night/pin.png,social/14-3d/night/pin.svg,,
Put intelligence to work.,Social,day,1080x1080,Instagram; Facebook; Threads; Bluesky; Mastodon; LinkedIn; Google Business Profile; WhatsApp,social/15-ai/day/square.png,social/15-ai/day/square.svg,,
Put intelligence to work.,Social,day,1080x1350,Instagram; Facebook; LinkedIn; Threads,social/15-ai/day/portrait.png,social/15-ai/day/portrait.svg,,
Put intelligence to work.,Social,day,1080x1920,Instagram Stories; Instagram Reels cover; Facebook Stories; TikTok cover; YouTube Shorts cover; Snapchat; WhatsApp Status,social/15-ai/day/vertical.png,social/15-ai/day/vertical.svg,,
Put intelligence to work.,Social,day,1200x627,LinkedIn; Facebook; X; Bluesky; Mastodon; Reddit,social/15-ai/day/landscape.png,social/15-ai/day/landscape.svg,,
Put intelligence to work.,Social,day,1000x1500,Pinterest,social/15-ai/day/pin.png,social/15-ai/day/pin.svg,,
Put intelligence to work.,Social,night,1080x1080,Instagram; Facebook; Threads; Bluesky; Mastodon; LinkedIn; Google Business Profile; WhatsApp,social/15-ai/night/square.png,social/15-ai/night/square.svg,,
Put intelligence to work.,Social,night,1080x1350,Instagram; Facebook; LinkedIn; Threads,social/15-ai/night/portrait.png,social/15-ai/night/portrait.svg,,
Put intelligence to work.,Social,night,1080x1920,Instagram Stories; Instagram Reels cover; Facebook Stories; TikTok cover; YouTube Shorts cover; Snapchat; WhatsApp Status,social/15-ai/night/vertical.png,social/15-ai/night/vertical.svg,,
Put intelligence to work.,Social,night,1200x627,LinkedIn; Facebook; X; Bluesky; Mastodon; Reddit,social/15-ai/night/landscape.png,social/15-ai/night/landscape.svg,,
Put intelligence to work.,Social,night,1000x1500,Pinterest,social/15-ai/night/pin.png,social/15-ai/night/pin.svg,,
Your knowledge. Within reach.,Social,day,1080x1080,Instagram; Facebook; Threads; Bluesky; Mastodon; LinkedIn; Google Business Profile; WhatsApp,social/16-knowledge/day/square.png,social/16-knowledge/day/square.svg,,
Your knowledge. Within reach.,Social,day,1080x1350,Instagram; Facebook; LinkedIn; Threads,social/16-knowledge/day/portrait.png,social/16-knowledge/day/portrait.svg,,
Your knowledge. Within reach.,Social,day,1080x1920,Instagram Stories; Instagram Reels cover; Facebook Stories; TikTok cover; YouTube Shorts cover; Snapchat; WhatsApp Status,social/16-knowledge/day/vertical.png,social/16-knowledge/day/vertical.svg,,
Your knowledge. Within reach.,Social,day,1200x627,LinkedIn; Facebook; X; Bluesky; Mastodon; Reddit,social/16-knowledge/day/landscape.png,social/16-knowledge/day/landscape.svg,,
Your knowledge. Within reach.,Social,day,1000x1500,Pinterest,social/16-knowledge/day/pin.png,social/16-knowledge/day/pin.svg,,
Your knowledge. Within reach.,Social,night,1080x1080,Instagram; Facebook; Threads; Bluesky; Mastodon; LinkedIn; Google Business Profile; WhatsApp,social/16-knowledge/night/square.png,social/16-knowledge/night/square.svg,,
Your knowledge. Within reach.,Social,night,1080x1350,Instagram; Facebook; LinkedIn; Threads,social/16-knowledge/night/portrait.png,social/16-knowledge/night/portrait.svg,,
Your knowledge. Within reach.,Social,night,1080x1920,Instagram Stories; Instagram Reels cover; Facebook Stories; TikTok cover; YouTube Shorts cover; Snapchat; WhatsApp Status,social/16-knowledge/night/vertical.png,social/16-knowledge/night/vertical.svg,,
Your knowledge. Within reach.,Social,night,1200x627,LinkedIn; Facebook; X; Bluesky; Mastodon; Reddit,social/16-knowledge/night/landscape.png,social/16-knowledge/night/landscape.svg,,
Your knowledge. Within reach.,Social,night,1000x1500,Pinterest,social/16-knowledge/night/pin.png,social/16-knowledge/night/pin.svg,,
Better answers. Clearer handoffs.,Social,day,1080x1080,Instagram; Facebook; Threads; Bluesky; Mastodon; LinkedIn; Google Business Profile; WhatsApp,social/17-support/day/square.png,social/17-support/day/square.svg,,
Better answers. Clearer handoffs.,Social,day,1080x1350,Instagram; Facebook; LinkedIn; Threads,social/17-support/day/portrait.png,social/17-support/day/portrait.svg,,
Better answers. Clearer handoffs.,Social,day,1080x1920,Instagram Stories; Instagram Reels cover; Facebook Stories; TikTok cover; YouTube Shorts cover; Snapchat; WhatsApp Status,social/17-support/day/vertical.png,social/17-support/day/vertical.svg,,
Better answers. Clearer handoffs.,Social,day,1200x627,LinkedIn; Facebook; X; Bluesky; Mastodon; Reddit,social/17-support/day/landscape.png,social/17-support/day/landscape.svg,,
Better answers. Clearer handoffs.,Social,day,1000x1500,Pinterest,social/17-support/day/pin.png,social/17-support/day/pin.svg,,
Better answers. Clearer handoffs.,Social,night,1080x1080,Instagram; Facebook; Threads; Bluesky; Mastodon; LinkedIn; Google Business Profile; WhatsApp,social/17-support/night/square.png,social/17-support/night/square.svg,,
Better answers. Clearer handoffs.,Social,night,1080x1350,Instagram; Facebook; LinkedIn; Threads,social/17-support/night/portrait.png,social/17-support/night/portrait.svg,,
Better answers. Clearer handoffs.,Social,night,1080x1920,Instagram Stories; Instagram Reels cover; Facebook Stories; TikTok cover; YouTube Shorts cover; Snapchat; WhatsApp Status,social/17-support/night/vertical.png,social/17-support/night/vertical.svg,,
Better answers. Clearer handoffs.,Social,night,1200x627,LinkedIn; Facebook; X; Bluesky; Mastodon; Reddit,social/17-support/night/landscape.png,social/17-support/night/landscape.svg,,
Better answers. Clearer handoffs.,Social,night,1000x1500,Pinterest,social/17-support/night/pin.png,social/17-support/night/pin.svg,,
Start small. Prove it useful.,Social,day,1080x1080,Instagram; Facebook; Threads; Bluesky; Mastodon; LinkedIn; Google Business Profile; WhatsApp,social/18-pilot/day/square.png,social/18-pilot/day/square.svg,,
Start small. Prove it useful.,Social,day,1080x1350,Instagram; Facebook; LinkedIn; Threads,social/18-pilot/day/portrait.png,social/18-pilot/day/portrait.svg,,
Start small. Prove it useful.,Social,day,1080x1920,Instagram Stories; Instagram Reels cover; Facebook Stories; TikTok cover; YouTube Shorts cover; Snapchat; WhatsApp Status,social/18-pilot/day/vertical.png,social/18-pilot/day/vertical.svg,,
Start small. Prove it useful.,Social,day,1200x627,LinkedIn; Facebook; X; Bluesky; Mastodon; Reddit,social/18-pilot/day/landscape.png,social/18-pilot/day/landscape.svg,,
Start small. Prove it useful.,Social,day,1000x1500,Pinterest,social/18-pilot/day/pin.png,social/18-pilot/day/pin.svg,,
Start small. Prove it useful.,Social,night,1080x1080,Instagram; Facebook; Threads; Bluesky; Mastodon; LinkedIn; Google Business Profile; WhatsApp,social/18-pilot/night/square.png,social/18-pilot/night/square.svg,,
Start small. Prove it useful.,Social,night,1080x1350,Instagram; Facebook; LinkedIn; Threads,social/18-pilot/night/portrait.png,social/18-pilot/night/portrait.svg,,
Start small. Prove it useful.,Social,night,1080x1920,Instagram Stories; Instagram Reels cover; Facebook Stories; TikTok cover; YouTube Shorts cover; Snapchat; WhatsApp Status,social/18-pilot/night/vertical.png,social/18-pilot/night/vertical.svg,,
Start small. Prove it useful.,Social,night,1200x627,LinkedIn; Facebook; X; Bluesky; Mastodon; Reddit,social/18-pilot/night/landscape.png,social/18-pilot/night/landscape.svg,,
Start small. Prove it useful.,Social,night,1000x1500,Pinterest,social/18-pilot/night/pin.png,social/18-pilot/night/pin.svg,,
Connect the work. Keep control.,Social,day,1080x1080,Instagram; Facebook; Threads; Bluesky; Mastodon; LinkedIn; Google Business Profile; WhatsApp,social/19-operations/day/square.png,social/19-operations/day/square.svg,,
Connect the work. Keep control.,Social,day,1080x1350,Instagram; Facebook; LinkedIn; Threads,social/19-operations/day/portrait.png,social/19-operations/day/portrait.svg,,
Connect the work. Keep control.,Social,day,1080x1920,Instagram Stories; Instagram Reels cover; Facebook Stories; TikTok cover; YouTube Shorts cover; Snapchat; WhatsApp Status,social/19-operations/day/vertical.png,social/19-operations/day/vertical.svg,,
Connect the work. Keep control.,Social,day,1200x627,LinkedIn; Facebook; X; Bluesky; Mastodon; Reddit,social/19-operations/day/landscape.png,social/19-operations/day/landscape.svg,,
Connect the work. Keep control.,Social,day,1000x1500,Pinterest,social/19-operations/day/pin.png,social/19-operations/day/pin.svg,,
Connect the work. Keep control.,Social,night,1080x1080,Instagram; Facebook; Threads; Bluesky; Mastodon; LinkedIn; Google Business Profile; WhatsApp,social/19-operations/night/square.png,social/19-operations/night/square.svg,,
Connect the work. Keep control.,Social,night,1080x1350,Instagram; Facebook; LinkedIn; Threads,social/19-operations/night/portrait.png,social/19-operations/night/portrait.svg,,
Connect the work. Keep control.,Social,night,1080x1920,Instagram Stories; Instagram Reels cover; Facebook Stories; TikTok cover; YouTube Shorts cover; Snapchat; WhatsApp Status,social/19-operations/night/vertical.png,social/19-operations/night/vertical.svg,,
Connect the work. Keep control.,Social,night,1200x627,LinkedIn; Facebook; X; Bluesky; Mastodon; Reddit,social/19-operations/night/landscape.png,social/19-operations/night/landscape.svg,,
Connect the work. Keep control.,Social,night,1000x1500,Pinterest,social/19-operations/night/pin.png,social/19-operations/night/pin.svg,,
Better business begins with the work.,Social,day,1080x1080,Instagram; Facebook; Threads; Bluesky; Mastodon; LinkedIn; Google Business Profile; WhatsApp,social/20-business-first/day/square.png,social/20-business-first/day/square.svg,,
Better business begins with the work.,Social,day,1080x1350,Instagram; Facebook; LinkedIn; Threads,social/20-business-first/day/portrait.png,social/20-business-first/day/portrait.svg,,
Better business begins with the work.,Social,day,1080x1920,Instagram Stories; Instagram Reels cover; Facebook Stories; TikTok cover; YouTube Shorts cover; Snapchat; WhatsApp Status,social/20-business-first/day/vertical.png,social/20-business-first/day/vertical.svg,,
Better business begins with the work.,Social,day,1200x627,LinkedIn; Facebook; X; Bluesky; Mastodon; Reddit,social/20-business-first/day/landscape.png,social/20-business-first/day/landscape.svg,,
Better business begins with the work.,Social,day,1000x1500,Pinterest,social/20-business-first/day/pin.png,social/20-business-first/day/pin.svg,,
Better business begins with the work.,Social,night,1080x1080,Instagram; Facebook; Threads; Bluesky; Mastodon; LinkedIn; Google Business Profile; WhatsApp,social/20-business-first/night/square.png,social/20-business-first/night/square.svg,,
Better business begins with the work.,Social,night,1080x1350,Instagram; Facebook; LinkedIn; Threads,social/20-business-first/night/portrait.png,social/20-business-first/night/portrait.svg,,
Better business begins with the work.,Social,night,1080x1920,Instagram Stories; Instagram Reels cover; Facebook Stories; TikTok cover; YouTube Shorts cover; Snapchat; WhatsApp Status,social/20-business-first/night/vertical.png,social/20-business-first/night/vertical.svg,,
Better business begins with the work.,Social,night,1200x627,LinkedIn; Facebook; X; Bluesky; Mastodon; Reddit,social/20-business-first/night/landscape.png,social/20-business-first/night/landscape.svg,,
Better business begins with the work.,Social,night,1000x1500,Pinterest,social/20-business-first/night/pin.png,social/20-business-first/night/pin.svg,,
Software. Web. AI.,Social,day,1080x1080,Instagram; Facebook; Threads; Bluesky; Mastodon; LinkedIn; Google Business Profile; WhatsApp,social/21-three-disciplines/day/square.png,social/21-three-disciplines/day/square.svg,,
Software. Web. AI.,Social,day,1080x1350,Instagram; Facebook; LinkedIn; Threads,social/21-three-disciplines/day/portrait.png,social/21-three-disciplines/day/portrait.svg,,
Software. Web. AI.,Social,day,1080x1920,Instagram Stories; Instagram Reels cover; Facebook Stories; TikTok cover; YouTube Shorts cover; Snapchat; WhatsApp Status,social/21-three-disciplines/day/vertical.png,social/21-three-disciplines/day/vertical.svg,,
Software. Web. AI.,Social,day,1200x627,LinkedIn; Facebook; X; Bluesky; Mastodon; Reddit,social/21-three-disciplines/day/landscape.png,social/21-three-disciplines/day/landscape.svg,,
Software. Web. AI.,Social,day,1000x1500,Pinterest,social/21-three-disciplines/day/pin.png,social/21-three-disciplines/day/pin.svg,,
Software. Web. AI.,Social,night,1080x1080,Instagram; Facebook; Threads; Bluesky; Mastodon; LinkedIn; Google Business Profile; WhatsApp,social/21-three-disciplines/night/square.png,social/21-three-disciplines/night/square.svg,,
Software. Web. AI.,Social,night,1080x1350,Instagram; Facebook; LinkedIn; Threads,social/21-three-disciplines/night/portrait.png,social/21-three-disciplines/night/portrait.svg,,
Software. Web. AI.,Social,night,1080x1920,Instagram Stories; Instagram Reels cover; Facebook Stories; TikTok cover; YouTube Shorts cover; Snapchat; WhatsApp Status,social/21-three-disciplines/night/vertical.png,social/21-three-disciplines/night/vertical.svg,,
Software. Web. AI.,Social,night,1200x627,LinkedIn; Facebook; X; Bluesky; Mastodon; Reddit,social/21-three-disciplines/night/landscape.png,social/21-three-disciplines/night/landscape.svg,,
Software. Web. AI.,Social,night,1000x1500,Pinterest,social/21-three-disciplines/night/pin.png,social/21-three-disciplines/night/pin.svg,,
What are you imagining?,Social,day,1080x1080,Instagram; Facebook; Threads; Bluesky; Mastodon; LinkedIn; Google Business Profile; WhatsApp,social/22-project-invitation/day/square.png,social/22-project-invitation/day/square.svg,,
What are you imagining?,Social,day,1080x1350,Instagram; Facebook; LinkedIn; Threads,social/22-project-invitation/day/portrait.png,social/22-project-invitation/day/portrait.svg,,
What are you imagining?,Social,day,1080x1920,Instagram Stories; Instagram Reels cover; Facebook Stories; TikTok cover; YouTube Shorts cover; Snapchat; WhatsApp Status,social/22-project-invitation/day/vertical.png,social/22-project-invitation/day/vertical.svg,,
What are you imagining?,Social,day,1200x627,LinkedIn; Facebook; X; Bluesky; Mastodon; Reddit,social/22-project-invitation/day/landscape.png,social/22-project-invitation/day/landscape.svg,,
What are you imagining?,Social,day,1000x1500,Pinterest,social/22-project-invitation/day/pin.png,social/22-project-invitation/day/pin.svg,,
What are you imagining?,Social,night,1080x1080,Instagram; Facebook; Threads; Bluesky; Mastodon; LinkedIn; Google Business Profile; WhatsApp,social/22-project-invitation/night/square.png,social/22-project-invitation/night/square.svg,,
What are you imagining?,Social,night,1080x1350,Instagram; Facebook; LinkedIn; Threads,social/22-project-invitation/night/portrait.png,social/22-project-invitation/night/portrait.svg,,
What are you imagining?,Social,night,1080x1920,Instagram Stories; Instagram Reels cover; Facebook Stories; TikTok cover; YouTube Shorts cover; Snapchat; WhatsApp Status,social/22-project-invitation/night/vertical.png,social/22-project-invitation/night/vertical.svg,,
What are you imagining?,Social,night,1200x627,LinkedIn; Facebook; X; Bluesky; Mastodon; Reddit,social/22-project-invitation/night/landscape.png,social/22-project-invitation/night/landscape.svg,,
What are you imagining?,Social,night,1000x1500,Pinterest,social/22-project-invitation/night/pin.png,social/22-project-invitation/night/pin.svg,,
Let’s make an impression.,Social,day,1080x1080,Instagram; Facebook; Threads; Bluesky; Mastodon; LinkedIn; Google Business Profile; WhatsApp,social/23-impression/day/square.png,social/23-impression/day/square.svg,,
Let’s make an impression.,Social,day,1080x1350,Instagram; Facebook; LinkedIn; Threads,social/23-impression/day/portrait.png,social/23-impression/day/portrait.svg,,
Let’s make an impression.,Social,day,1080x1920,Instagram Stories; Instagram Reels cover; Facebook Stories; TikTok cover; YouTube Shorts cover; Snapchat; WhatsApp Status,social/23-impression/day/vertical.png,social/23-impression/day/vertical.svg,,
Let’s make an impression.,Social,day,1200x627,LinkedIn; Facebook; X; Bluesky; Mastodon; Reddit,social/23-impression/day/landscape.png,social/23-impression/day/landscape.svg,,
Let’s make an impression.,Social,day,1000x1500,Pinterest,social/23-impression/day/pin.png,social/23-impression/day/pin.svg,,
Let’s make an impression.,Social,night,1080x1080,Instagram; Facebook; Threads; Bluesky; Mastodon; LinkedIn; Google Business Profile; WhatsApp,social/23-impression/night/square.png,social/23-impression/night/square.svg,,
Let’s make an impression.,Social,night,1080x1350,Instagram; Facebook; LinkedIn; Threads,social/23-impression/night/portrait.png,social/23-impression/night/portrait.svg,,
Let’s make an impression.,Social,night,1080x1920,Instagram Stories; Instagram Reels cover; Facebook Stories; TikTok cover; YouTube Shorts cover; Snapchat; WhatsApp Status,social/23-impression/night/vertical.png,social/23-impression/night/vertical.svg,,
Let’s make an impression.,Social,night,1200x627,LinkedIn; Facebook; X; Bluesky; Mastodon; Reddit,social/23-impression/night/landscape.png,social/23-impression/night/landscape.svg,,
Let’s make an impression.,Social,night,1000x1500,Pinterest,social/23-impression/night/pin.png,social/23-impression/night/pin.svg,,
Meet the people making the work.,Social,day,1080x1080,Instagram; Facebook; Threads; Bluesky; Mastodon; LinkedIn; Google Business Profile; WhatsApp,social/24-direct/day/square.png,social/24-direct/day/square.svg,,
Meet the people making the work.,Social,day,1080x1350,Instagram; Facebook; LinkedIn; Threads,social/24-direct/day/portrait.png,social/24-direct/day/portrait.svg,,
Meet the people making the work.,Social,day,1080x1920,Instagram Stories; Instagram Reels cover; Facebook Stories; TikTok cover; YouTube Shorts cover; Snapchat; WhatsApp Status,social/24-direct/day/vertical.png,social/24-direct/day/vertical.svg,,
Meet the people making the work.,Social,day,1200x627,LinkedIn; Facebook; X; Bluesky; Mastodon; Reddit,social/24-direct/day/landscape.png,social/24-direct/day/landscape.svg,,
Meet the people making the work.,Social,day,1000x1500,Pinterest,social/24-direct/day/pin.png,social/24-direct/day/pin.svg,,
Meet the people making the work.,Social,night,1080x1080,Instagram; Facebook; Threads; Bluesky; Mastodon; LinkedIn; Google Business Profile; WhatsApp,social/24-direct/night/square.png,social/24-direct/night/square.svg,,
Meet the people making the work.,Social,night,1080x1350,Instagram; Facebook; LinkedIn; Threads,social/24-direct/night/portrait.png,social/24-direct/night/portrait.svg,,
Meet the people making the work.,Social,night,1080x1920,Instagram Stories; Instagram Reels cover; Facebook Stories; TikTok cover; YouTube Shorts cover; Snapchat; WhatsApp Status,social/24-direct/night/vertical.png,social/24-direct/night/vertical.svg,,
Meet the people making the work.,Social,night,1200x627,LinkedIn; Facebook; X; Bluesky; Mastodon; Reddit,social/24-direct/night/landscape.png,social/24-direct/night/landscape.svg,,
Meet the people making the work.,Social,night,1000x1500,Pinterest,social/24-direct/night/pin.png,social/24-direct/night/pin.svg,,
Imagination. Made tangible.,Carousel,day,1080x1350,Instagram; LinkedIn; Facebook,carousels/01-meet-capra/day/01.png,carousels/01-meet-capra/day/01.svg,,
Software that clarifies the work.,Carousel,day,1080x1350,Instagram; LinkedIn; Facebook,carousels/01-meet-capra/day/02.png,carousels/01-meet-capra/day/02.svg,,
Websites with a point of view.,Carousel,day,1080x1350,Instagram; LinkedIn; Facebook,carousels/01-meet-capra/day/03.png,carousels/01-meet-capra/day/03.svg,,
AI that earns its keep.,Carousel,day,1080x1350,Instagram; LinkedIn; Facebook,carousels/01-meet-capra/day/04.png,carousels/01-meet-capra/day/04.svg,,
Small team. Direct conversations.,Carousel,day,1080x1350,Instagram; LinkedIn; Facebook,carousels/01-meet-capra/day/05.png,carousels/01-meet-capra/day/05.svg,,
What are you imagining?,Carousel,day,1080x1350,Instagram; LinkedIn; Facebook,carousels/01-meet-capra/day/06.png,carousels/01-meet-capra/day/06.svg,,
Imagination. Made tangible.,Carousel,night,1080x1350,Instagram; LinkedIn; Facebook,carousels/01-meet-capra/night/01.png,carousels/01-meet-capra/night/01.svg,,
Software that clarifies the work.,Carousel,night,1080x1350,Instagram; LinkedIn; Facebook,carousels/01-meet-capra/night/02.png,carousels/01-meet-capra/night/02.svg,,
Websites with a point of view.,Carousel,night,1080x1350,Instagram; LinkedIn; Facebook,carousels/01-meet-capra/night/03.png,carousels/01-meet-capra/night/03.svg,,
AI that earns its keep.,Carousel,night,1080x1350,Instagram; LinkedIn; Facebook,carousels/01-meet-capra/night/04.png,carousels/01-meet-capra/night/04.svg,,
Small team. Direct conversations.,Carousel,night,1080x1350,Instagram; LinkedIn; Facebook,carousels/01-meet-capra/night/05.png,carousels/01-meet-capra/night/05.svg,,
What are you imagining?,Carousel,night,1080x1350,Instagram; LinkedIn; Facebook,carousels/01-meet-capra/night/06.png,carousels/01-meet-capra/night/06.svg,,
Before you build an agent.,Carousel,day,1080x1350,Instagram; LinkedIn; Facebook,carousels/02-useful-ai/day/01.png,carousels/02-useful-ai/day/01.svg,,
What job should it do?,Carousel,day,1080x1350,Instagram; LinkedIn; Facebook,carousels/02-useful-ai/day/02.png,carousels/02-useful-ai/day/02.svg,,
What does it need to know?,Carousel,day,1080x1350,Instagram; LinkedIn; Facebook,carousels/02-useful-ai/day/03.png,carousels/02-useful-ai/day/03.svg,,
What can it actually do?,Carousel,day,1080x1350,Instagram; LinkedIn; Facebook,carousels/02-useful-ai/day/04.png,carousels/02-useful-ai/day/04.svg,,
How will you know it helps?,Carousel,day,1080x1350,Instagram; LinkedIn; Facebook,carousels/02-useful-ai/day/05.png,carousels/02-useful-ai/day/05.svg,,
Start with one useful pilot.,Carousel,day,1080x1350,Instagram; LinkedIn; Facebook,carousels/02-useful-ai/day/06.png,carousels/02-useful-ai/day/06.svg,,
Before you build an agent.,Carousel,night,1080x1350,Instagram; LinkedIn; Facebook,carousels/02-useful-ai/night/01.png,carousels/02-useful-ai/night/01.svg,,
What job should it do?,Carousel,night,1080x1350,Instagram; LinkedIn; Facebook,carousels/02-useful-ai/night/02.png,carousels/02-useful-ai/night/02.svg,,
What does it need to know?,Carousel,night,1080x1350,Instagram; LinkedIn; Facebook,carousels/02-useful-ai/night/03.png,carousels/02-useful-ai/night/03.svg,,
What can it actually do?,Carousel,night,1080x1350,Instagram; LinkedIn; Facebook,carousels/02-useful-ai/night/04.png,carousels/02-useful-ai/night/04.svg,,
How will you know it helps?,Carousel,night,1080x1350,Instagram; LinkedIn; Facebook,carousels/02-useful-ai/night/05.png,carousels/02-useful-ai/night/05.svg,,
Start with one useful pilot.,Carousel,night,1080x1350,Instagram; LinkedIn; Facebook,carousels/02-useful-ai/night/06.png,carousels/02-useful-ai/night/06.svg,,
Motion with a reason.,Carousel,day,1080x1350,Instagram; LinkedIn; Facebook,carousels/03-web-with-purpose/day/01.png,carousels/03-web-with-purpose/day/01.svg,,
Guide the eye.,Carousel,day,1080x1350,Instagram; LinkedIn; Facebook,carousels/03-web-with-purpose/day/02.png,carousels/03-web-with-purpose/day/02.svg,,
Explain the change.,Carousel,day,1080x1350,Instagram; LinkedIn; Facebook,carousels/03-web-with-purpose/day/03.png,carousels/03-web-with-purpose/day/03.svg,,
Give the brand a moment.,Carousel,day,1080x1350,Instagram; LinkedIn; Facebook,carousels/03-web-with-purpose/day/04.png,carousels/03-web-with-purpose/day/04.svg,,
Keep it usable.,Carousel,day,1080x1350,Instagram; LinkedIn; Facebook,carousels/03-web-with-purpose/day/05.png,carousels/03-web-with-purpose/day/05.svg,,
Make an impression.,Carousel,day,1080x1350,Instagram; LinkedIn; Facebook,carousels/03-web-with-purpose/day/06.png,carousels/03-web-with-purpose/day/06.svg,,
Motion with a reason.,Carousel,night,1080x1350,Instagram; LinkedIn; Facebook,carousels/03-web-with-purpose/night/01.png,carousels/03-web-with-purpose/night/01.svg,,
Guide the eye.,Carousel,night,1080x1350,Instagram; LinkedIn; Facebook,carousels/03-web-with-purpose/night/02.png,carousels/03-web-with-purpose/night/02.svg,,
Explain the change.,Carousel,night,1080x1350,Instagram; LinkedIn; Facebook,carousels/03-web-with-purpose/night/03.png,carousels/03-web-with-purpose/night/03.svg,,
Give the brand a moment.,Carousel,night,1080x1350,Instagram; LinkedIn; Facebook,carousels/03-web-with-purpose/night/04.png,carousels/03-web-with-purpose/night/04.svg,,
Keep it usable.,Carousel,night,1080x1350,Instagram; LinkedIn; Facebook,carousels/03-web-with-purpose/night/05.png,carousels/03-web-with-purpose/night/05.svg,,
Make an impression.,Carousel,night,1080x1350,Instagram; LinkedIn; Facebook,carousels/03-web-with-purpose/night/06.png,carousels/03-web-with-purpose/night/06.svg,,
The process before the product.,Carousel,day,1080x1350,Instagram; LinkedIn; Facebook,carousels/04-better-software/day/01.png,carousels/04-better-software/day/01.svg,,
Who is using it?,Carousel,day,1080x1350,Instagram; LinkedIn; Facebook,carousels/04-better-software/day/02.png,carousels/04-better-software/day/02.svg,,
What enters the system?,Carousel,day,1080x1350,Instagram; LinkedIn; Facebook,carousels/04-better-software/day/03.png,carousels/04-better-software/day/03.svg,,
What needs to happen next?,Carousel,day,1080x1350,Instagram; LinkedIn; Facebook,carousels/04-better-software/day/04.png,carousels/04-better-software/day/04.svg,,
What happens when it goes wrong?,Carousel,day,1080x1350,Instagram; LinkedIn; Facebook,carousels/04-better-software/day/05.png,carousels/04-better-software/day/05.svg,,
Make the complicated clear.,Carousel,day,1080x1350,Instagram; LinkedIn; Facebook,carousels/04-better-software/day/06.png,carousels/04-better-software/day/06.svg,,
The process before the product.,Carousel,night,1080x1350,Instagram; LinkedIn; Facebook,carousels/04-better-software/night/01.png,carousels/04-better-software/night/01.svg,,
Who is using it?,Carousel,night,1080x1350,Instagram; LinkedIn; Facebook,carousels/04-better-software/night/02.png,carousels/04-better-software/night/02.svg,,
What enters the system?,Carousel,night,1080x1350,Instagram; LinkedIn; Facebook,carousels/04-better-software/night/03.png,carousels/04-better-software/night/03.svg,,
What needs to happen next?,Carousel,night,1080x1350,Instagram; LinkedIn; Facebook,carousels/04-better-software/night/04.png,carousels/04-better-software/night/04.svg,,
What happens when it goes wrong?,Carousel,night,1080x1350,Instagram; LinkedIn; Facebook,carousels/04-better-software/night/05.png,carousels/04-better-software/night/05.svg,,
Make the complicated clear.,Carousel,night,1080x1350,Instagram; LinkedIn; Facebook,carousels/04-better-software/night/06.png,carousels/04-better-software/night/06.svg,,
Built for the long run.,Carousel,day,1080x1350,Instagram; LinkedIn; Facebook,carousels/05-trailgoat-story/day/01.png,carousels/05-trailgoat-story/day/01.svg,,
Start with the course.,Carousel,day,1080x1350,Instagram; LinkedIn; Facebook,carousels/05-trailgoat-story/day/02.png,carousels/05-trailgoat-story/day/02.svg,,
Bring the plan together.,Carousel,day,1080x1350,Instagram; LinkedIn; Facebook,carousels/05-trailgoat-story/day/03.png,carousels/05-trailgoat-story/day/03.svg,,
Give it a voice.,Carousel,day,1080x1350,Instagram; LinkedIn; Facebook,carousels/05-trailgoat-story/day/04.png,carousels/05-trailgoat-story/day/04.svg,,
Then make it move.,Carousel,day,1080x1350,Instagram; LinkedIn; Facebook,carousels/05-trailgoat-story/day/05.png,carousels/05-trailgoat-story/day/05.svg,,
See the whole project.,Carousel,day,1080x1350,Instagram; LinkedIn; Facebook,carousels/05-trailgoat-story/day/06.png,carousels/05-trailgoat-story/day/06.svg,,
Built for the long run.,Carousel,night,1080x1350,Instagram; LinkedIn; Facebook,carousels/05-trailgoat-story/night/01.png,carousels/05-trailgoat-story/night/01.svg,,
Start with the course.,Carousel,night,1080x1350,Instagram; LinkedIn; Facebook,carousels/05-trailgoat-story/night/02.png,carousels/05-trailgoat-story/night/02.svg,,
Bring the plan together.,Carousel,night,1080x1350,Instagram; LinkedIn; Facebook,carousels/05-trailgoat-story/night/03.png,carousels/05-trailgoat-story/night/03.svg,,
Give it a voice.,Carousel,night,1080x1350,Instagram; LinkedIn; Facebook,carousels/05-trailgoat-story/night/04.png,carousels/05-trailgoat-story/night/04.svg,,
Then make it move.,Carousel,night,1080x1350,Instagram; LinkedIn; Facebook,carousels/05-trailgoat-story/night/05.png,carousels/05-trailgoat-story/night/05.svg,,
See the whole project.,Carousel,night,1080x1350,Instagram; LinkedIn; Facebook,carousels/05-trailgoat-story/night/06.png,carousels/05-trailgoat-story/night/06.svg,,
AI across the business.,Carousel,day,1080x1350,Instagram; LinkedIn; Facebook,carousels/06-connected-business/day/01.png,carousels/06-connected-business/day/01.svg,,
Find the repeated work.,Carousel,day,1080x1350,Instagram; LinkedIn; Facebook,carousels/06-connected-business/day/02.png,carousels/06-connected-business/day/02.svg,,
Connect the context.,Carousel,day,1080x1350,Instagram; LinkedIn; Facebook,carousels/06-connected-business/day/03.png,carousels/06-connected-business/day/03.svg,,
Design the controls.,Carousel,day,1080x1350,Instagram; LinkedIn; Facebook,carousels/06-connected-business/day/04.png,carousels/06-connected-business/day/04.svg,,
Prove. Measure. Improve.,Carousel,day,1080x1350,Instagram; LinkedIn; Facebook,carousels/06-connected-business/day/05.png,carousels/06-connected-business/day/05.svg,,
Build your operating roadmap.,Carousel,day,1080x1350,Instagram; LinkedIn; Facebook,carousels/06-connected-business/day/06.png,carousels/06-connected-business/day/06.svg,,
AI across the business.,Carousel,night,1080x1350,Instagram; LinkedIn; Facebook,carousels/06-connected-business/night/01.png,carousels/06-connected-business/night/01.svg,,
Find the repeated work.,Carousel,night,1080x1350,Instagram; LinkedIn; Facebook,carousels/06-connected-business/night/02.png,carousels/06-connected-business/night/02.svg,,
Connect the context.,Carousel,night,1080x1350,Instagram; LinkedIn; Facebook,carousels/06-connected-business/night/03.png,carousels/06-connected-business/night/03.svg,,
Design the controls.,Carousel,night,1080x1350,Instagram; LinkedIn; Facebook,carousels/06-connected-business/night/04.png,carousels/06-connected-business/night/04.svg,,
Prove. Measure. Improve.,Carousel,night,1080x1350,Instagram; LinkedIn; Facebook,carousels/06-connected-business/night/05.png,carousels/06-connected-business/night/05.svg,,
Build your operating roadmap.,Carousel,night,1080x1350,Instagram; LinkedIn; Facebook,carousels/06-connected-business/night/06.png,carousels/06-connected-business/night/06.svg,,
Linkedin Personal / day,Profile & cover,day,1584x396,LinkedIn personal header,profiles/linkedin-personal-day.png,profiles/linkedin-personal-day.svg,,
Linkedin Company / day,Profile & cover,day,1128x191,LinkedIn company cover,profiles/linkedin-company-day.png,profiles/linkedin-company-day.svg,,
X Header / day,Profile & cover,day,1500x500,X header,profiles/x-header-day.png,profiles/x-header-day.svg,,
Bluesky Header / day,Profile & cover,day,1500x500,Bluesky header,profiles/bluesky-header-day.png,profiles/bluesky-header-day.svg,,
Facebook Cover / day,Profile & cover,day,1640x924,Facebook page cover,profiles/facebook-cover-day.png,profiles/facebook-cover-day.svg,,
Youtube Banner / day,Profile & cover,day,2560x1440,YouTube banner,profiles/youtube-banner-day.png,profiles/youtube-banner-day.svg,,
Twitch Banner / day,Profile & cover,day,1200x480,Twitch profile banner,profiles/twitch-banner-day.png,profiles/twitch-banner-day.svg,,
Behance Banner / day,Profile & cover,day,3200x410,Behance profile banner,profiles/behance-banner-day.png,profiles/behance-banner-day.svg,,
Email Header / day,Profile & cover,day,1200x400,Email newsletter,profiles/email-header-day.png,profiles/email-header-day.svg,,
Meeting Background / day,Profile & cover,day,1920x1080,Zoom; Google Meet; Microsoft Teams,profiles/meeting-background-day.png,profiles/meeting-background-day.svg,,
Unicorn avatar / lime,Profile & cover,day,800x800,All profile images,profiles/avatar-lime-day.png,profiles/avatar-lime-day.svg,,
Unicorn avatar / ribbon,Profile & cover,day,800x800,All profile images,profiles/avatar-ribbon-day.png,profiles/avatar-ribbon-day.svg,,
Unicorn avatar / solar,Profile & cover,day,800x800,All profile images,profiles/avatar-solar-day.png,profiles/avatar-solar-day.svg,,
Software video thumbnail,Profile & cover,day,1280x720,YouTube thumbnail; Video poster,profiles/youtube-thumb-software-day.png,profiles/youtube-thumb-software-day.svg,,
Motion video thumbnail,Profile & cover,day,1280x720,YouTube thumbnail; Video poster,profiles/youtube-thumb-motion-day.png,profiles/youtube-thumb-motion-day.svg,,
AI video thumbnail,Profile & cover,day,1280x720,YouTube thumbnail; Video poster,profiles/youtube-thumb-ai-day.png,profiles/youtube-thumb-ai-day.svg,,
Studio video thumbnail,Profile & cover,day,1280x720,YouTube thumbnail; Video poster,profiles/youtube-thumb-studio-day.png,profiles/youtube-thumb-studio-day.svg,,
Work highlight cover,Profile & cover,day,800x800,Instagram Highlights,profiles/highlight-work-day.png,profiles/highlight-work-day.svg,,
Software highlight cover,Profile & cover,day,800x800,Instagram Highlights,profiles/highlight-software-day.png,profiles/highlight-software-day.svg,,
Web highlight cover,Profile & cover,day,800x800,Instagram Highlights,profiles/highlight-web-day.png,profiles/highlight-web-day.svg,,
Motion highlight cover,Profile & cover,day,800x800,Instagram Highlights,profiles/highlight-motion-day.png,profiles/highlight-motion-day.svg,,
AI highlight cover,Profile & cover,day,800x800,Instagram Highlights,profiles/highlight-ai-day.png,profiles/highlight-ai-day.svg,,
Studio highlight cover,Profile & cover,day,800x800,Instagram Highlights,profiles/highlight-studio-day.png,profiles/highlight-studio-day.svg,,
Linkedin Personal / night,Profile & cover,night,1584x396,LinkedIn personal header,profiles/linkedin-personal-night.png,profiles/linkedin-personal-night.svg,,
Linkedin Company / night,Profile & cover,night,1128x191,LinkedIn company cover,profiles/linkedin-company-night.png,profiles/linkedin-company-night.svg,,
X Header / night,Profile & cover,night,1500x500,X header,profiles/x-header-night.png,profiles/x-header-night.svg,,
Bluesky Header / night,Profile & cover,night,1500x500,Bluesky header,profiles/bluesky-header-night.png,profiles/bluesky-header-night.svg,,
Facebook Cover / night,Profile & cover,night,1640x924,Facebook page cover,profiles/facebook-cover-night.png,profiles/facebook-cover-night.svg,,
Youtube Banner / night,Profile & cover,night,2560x1440,YouTube banner,profiles/youtube-banner-night.png,profiles/youtube-banner-night.svg,,
Twitch Banner / night,Profile & cover,night,1200x480,Twitch profile banner,profiles/twitch-banner-night.png,profiles/twitch-banner-night.svg,,
Behance Banner / night,Profile & cover,night,3200x410,Behance profile banner,profiles/behance-banner-night.png,profiles/behance-banner-night.svg,,
Email Header / night,Profile & cover,night,1200x400,Email newsletter,profiles/email-header-night.png,profiles/email-header-night.svg,,
Meeting Background / night,Profile & cover,night,1920x1080,Zoom; Google Meet; Microsoft Teams,profiles/meeting-background-night.png,profiles/meeting-background-night.svg,,
Unicorn avatar / lime,Profile & cover,night,800x800,All profile images,profiles/avatar-lime-night.png,profiles/avatar-lime-night.svg,,
Unicorn avatar / ribbon,Profile & cover,night,800x800,All profile images,profiles/avatar-ribbon-night.png,profiles/avatar-ribbon-night.svg,,
Unicorn avatar / solar,Profile & cover,night,800x800,All profile images,profiles/avatar-solar-night.png,profiles/avatar-solar-night.svg,,
Software video thumbnail,Profile & cover,night,1280x720,YouTube thumbnail; Video poster,profiles/youtube-thumb-software-night.png,profiles/youtube-thumb-software-night.svg,,
Motion video thumbnail,Profile & cover,night,1280x720,YouTube thumbnail; Video poster,profiles/youtube-thumb-motion-night.png,profiles/youtube-thumb-motion-night.svg,,
AI video thumbnail,Profile & cover,night,1280x720,YouTube thumbnail; Video poster,profiles/youtube-thumb-ai-night.png,profiles/youtube-thumb-ai-night.svg,,
Studio video thumbnail,Profile & cover,night,1280x720,YouTube thumbnail; Video poster,profiles/youtube-thumb-studio-night.png,profiles/youtube-thumb-studio-night.svg,,
Work highlight cover,Profile & cover,night,800x800,Instagram Highlights,profiles/highlight-work-night.png,profiles/highlight-work-night.svg,,
Software highlight cover,Profile & cover,night,800x800,Instagram Highlights,profiles/highlight-software-night.png,profiles/highlight-software-night.svg,,
Web highlight cover,Profile & cover,night,800x800,Instagram Highlights,profiles/highlight-web-night.png,profiles/highlight-web-night.svg,,
Motion highlight cover,Profile & cover,night,800x800,Instagram Highlights,profiles/highlight-motion-night.png,profiles/highlight-motion-night.svg,,
AI highlight cover,Profile & cover,night,800x800,Instagram Highlights,profiles/highlight-ai-night.png,profiles/highlight-ai-night.svg,,
Studio highlight cover,Profile & cover,night,800x800,Instagram Highlights,profiles/highlight-studio-night.png,profiles/highlight-studio-night.svg,,
Studio promotional flyer / us-letter,Print,day,1080x1389,Print; Digital handout,print/flyer-01-imagination-us-letter.png,print/flyer-01-imagination-us-letter.svg,print/flyer-01-imagination-us-letter.pdf,trim: 8.5 x 11 in | bleed: 0.125 in / 3.175 mm | color: RGB; request printer color conversion/proof
Studio promotional flyer / a4,Print,day,1080x1515,Print; Digital handout,print/flyer-01-imagination-a4.png,print/flyer-01-imagination-a4.svg,print/flyer-01-imagination-a4.pdf,trim: 210 x 297 mm | bleed: 0.125 in / 3.175 mm | color: RGB; request printer color conversion/proof
Software promotional flyer / us-letter,Print,day,1080x1389,Print; Digital handout,print/flyer-05-software-us-letter.png,print/flyer-05-software-us-letter.svg,print/flyer-05-software-us-letter.pdf,trim: 8.5 x 11 in | bleed: 0.125 in / 3.175 mm | color: RGB; request printer color conversion/proof
Software promotional flyer / a4,Print,day,1080x1515,Print; Digital handout,print/flyer-05-software-a4.png,print/flyer-05-software-a4.svg,print/flyer-05-software-a4.pdf,trim: 210 x 297 mm | bleed: 0.125 in / 3.175 mm | color: RGB; request printer color conversion/proof
Web promotional flyer / us-letter,Print,day,1080x1389,Print; Digital handout,print/flyer-10-web-us-letter.png,print/flyer-10-web-us-letter.svg,print/flyer-10-web-us-letter.pdf,trim: 8.5 x 11 in | bleed: 0.125 in / 3.175 mm | color: RGB; request printer color conversion/proof
Web promotional flyer / a4,Print,day,1080x1515,Print; Digital handout,print/flyer-10-web-a4.png,print/flyer-10-web-a4.svg,print/flyer-10-web-a4.pdf,trim: 210 x 297 mm | bleed: 0.125 in / 3.175 mm | color: RGB; request printer color conversion/proof
AI promotional flyer / us-letter,Print,day,1080x1389,Print; Digital handout,print/flyer-15-ai-us-letter.png,print/flyer-15-ai-us-letter.svg,print/flyer-15-ai-us-letter.pdf,trim: 8.5 x 11 in | bleed: 0.125 in / 3.175 mm | color: RGB; request printer color conversion/proof
AI promotional flyer / a4,Print,day,1080x1515,Print; Digital handout,print/flyer-15-ai-a4.png,print/flyer-15-ai-a4.svg,print/flyer-15-ai-a4.pdf,trim: 210 x 297 mm | bleed: 0.125 in / 3.175 mm | color: RGB; request printer color conversion/proof
Studio promotional flyer / us-letter,Print,day,1080x1389,Print; Digital handout,print/flyer-22-project-invitation-us-letter.png,print/flyer-22-project-invitation-us-letter.svg,print/flyer-22-project-invitation-us-letter.pdf,trim: 8.5 x 11 in | bleed: 0.125 in / 3.175 mm | color: RGB; request printer color conversion/proof
Studio promotional flyer / a4,Print,day,1080x1515,Print; Digital handout,print/flyer-22-project-invitation-a4.png,print/flyer-22-project-invitation-a4.svg,print/flyer-22-project-invitation-a4.pdf,trim: 210 x 297 mm | bleed: 0.125 in / 3.175 mm | color: RGB; request printer color conversion/proof
Studio promotional flyer / us-letter,Print,day,1080x1389,Print; Digital handout,print/flyer-23-impression-us-letter.png,print/flyer-23-impression-us-letter.svg,print/flyer-23-impression-us-letter.pdf,trim: 8.5 x 11 in | bleed: 0.125 in / 3.175 mm | color: RGB; request printer color conversion/proof
Studio promotional flyer / a4,Print,day,1080x1515,Print; Digital handout,print/flyer-23-impression-a4.png,print/flyer-23-impression-a4.svg,print/flyer-23-impression-a4.pdf,trim: 210 x 297 mm | bleed: 0.125 in / 3.175 mm | color: RGB; request printer color conversion/proof
Personal business card / day / front,Print,day,1125x675,Business card,print/card-personal-day-front.png,print/card-personal-day-front.svg,print/card-personal-day-front.pdf,trim: 3.5 x 2 in | bleed: 0.125 in | color: RGB; printer proof recommended
Personal business card / day / back,Print,day,1125x675,Business card,print/card-personal-day-back.png,print/card-personal-day-back.svg,print/card-personal-day-back.pdf,trim: 3.5 x 2 in | bleed: 0.125 in | color: RGB; printer proof recommended
Studio business card / day / front,Print,day,1125x675,Business card,print/card-studio-day-front.png,print/card-studio-day-front.svg,print/card-studio-day-front.pdf,trim: 3.5 x 2 in | bleed: 0.125 in | color: RGB; printer proof recommended
Studio business card / day / back,Print,day,1125x675,Business card,print/card-studio-day-back.png,print/card-studio-day-back.svg,print/card-studio-day-back.pdf,trim: 3.5 x 2 in | bleed: 0.125 in | color: RGB; printer proof recommended
Personal business card / night / front,Print,night,1125x675,Business card,print/card-personal-night-front.png,print/card-personal-night-front.svg,print/card-personal-night-front.pdf,trim: 3.5 x 2 in | bleed: 0.125 in | color: RGB; printer proof recommended
Personal business card / night / back,Print,night,1125x675,Business card,print/card-personal-night-back.png,print/card-personal-night-back.svg,print/card-personal-night-back.pdf,trim: 3.5 x 2 in | bleed: 0.125 in | color: RGB; printer proof recommended
Studio business card / night / front,Print,night,1125x675,Business card,print/card-studio-night-front.png,print/card-studio-night-front.svg,print/card-studio-night-front.pdf,trim: 3.5 x 2 in | bleed: 0.125 in | color: RGB; printer proof recommended
Studio business card / night / back,Print,night,1125x675,Business card,print/card-studio-night-back.png,print/card-studio-night-back.svg,print/card-studio-night-back.pdf,trim: 3.5 x 2 in | bleed: 0.125 in | color: RGB; printer proof recommended
Letterhead / day,Print,day,1080x1398,Letterhead,print/letterhead-day.png,print/letterhead-day.svg,print/letterhead-day.pdf,trim: 8.5 x 11 in | bleed: none; letterhead margins
"One studio, two lights / poster / day",Print,day,1080x1440,Poster,print/poster-two-lights-day.png,print/poster-two-lights-day.svg,print/poster-two-lights-day.pdf,trim: 18 x 24 in | bleed: 0.125 in
Letterhead / night,Print,night,1080x1398,Letterhead,print/letterhead-night.png,print/letterhead-night.svg,print/letterhead-night.pdf,trim: 8.5 x 11 in | bleed: none; letterhead margins
"One studio, two lights / poster / night",Print,night,1080x1440,Poster,print/poster-two-lights-night.png,print/poster-two-lights-night.svg,print/poster-two-lights-night.pdf,trim: 18 x 24 in | bleed: 0.125 in
Leave-behind postcard / front,Print,day,1500x1020,Postcard; Thank-you card,print/postcard-front.png,print/postcard-front.svg,print/postcard-front.pdf,trim: 6 x 4 in | bleed: 0.125 in
Leave-behind postcard / back,Print,day,1500x1020,Postcard; Thank-you card,print/postcard-back.png,print/postcard-back.svg,print/postcard-back.pdf,trim: 6 x 4 in | bleed: 0.125 in
Capabilities / Studio overview,Print,night,1080x1398,Capabilities PDF,print/capabilities-page-1.png,print/capabilities-page-1.svg,,
Capabilities / Software,Print,day,1080x1398,Capabilities PDF,print/capabilities-page-2.png,print/capabilities-page-2.svg,,
Capabilities / Web + motion,Print,day,1080x1398,Capabilities PDF,print/capabilities-page-3.png,print/capabilities-page-3.svg,,
Capabilities / AI consulting,Print,day,1080x1398,Capabilities PDF,print/capabilities-page-4.png,print/capabilities-page-4.svg,,
Capabilities / Selected projects,Print,day,1080x1398,Capabilities PDF,print/capabilities-page-5.png,print/capabilities-page-5.svg,,
Capabilities / Start a conversation,Print,night,1080x1398,Capabilities PDF,print/capabilities-page-6.png,print/capabilities-page-6.svg,,
Go make something.,Statement series,color,1080x1350,Instagram; Facebook; LinkedIn; Threads,social/statement-series/01-portrait.png,social/statement-series/01-portrait.svg,,
Go make something.,Statement series,color,1080x1080,Instagram; Facebook; LinkedIn; Threads,social/statement-series/01-square.png,social/statement-series/01-square.svg,,
Less friction. More flow.,Statement series,color,1080x1350,Instagram; Facebook; LinkedIn; Threads,social/statement-series/02-portrait.png,social/statement-series/02-portrait.svg,,
Less friction. More flow.,Statement series,color,1080x1080,Instagram; Facebook; LinkedIn; Threads,social/statement-series/02-square.png,social/statement-series/02-square.svg,,
Turn the lights off.,Statement series,color,1080x1350,Instagram; Facebook; LinkedIn; Threads,social/statement-series/03-portrait.png,social/statement-series/03-portrait.svg,,
Turn the lights off.,Statement series,color,1080x1080,Instagram; Facebook; LinkedIn; Threads,social/statement-series/03-square.png,social/statement-series/03-square.svg,,
Make it move.,Statement series,color,1080x1350,Instagram; Facebook; LinkedIn; Threads,social/statement-series/04-portrait.png,social/statement-series/04-portrait.svg,,
Make it move.,Statement series,color,1080x1080,Instagram; Facebook; LinkedIn; Threads,social/statement-series/04-square.png,social/statement-series/04-square.svg,,
AI with a job to do.,Statement series,color,1080x1350,Instagram; Facebook; LinkedIn; Threads,social/statement-series/05-portrait.png,social/statement-series/05-portrait.svg,,
AI with a job to do.,Statement series,color,1080x1080,Instagram; Facebook; LinkedIn; Threads,social/statement-series/05-square.png,social/statement-series/05-square.svg,,
"Hello, Atlanta.",Statement series,color,1080x1350,Instagram; Facebook; LinkedIn; Threads,social/statement-series/06-portrait.png,social/statement-series/06-portrait.svg,,
"Hello, Atlanta.",Statement series,color,1080x1080,Instagram; Facebook; LinkedIn; Threads,social/statement-series/06-square.png,social/statement-series/06-square.svg,,
Dribbble Shot / day,Profile & cover,day,1600x1200,Dribbble; Behance project,profiles/dribbble-shot-day.png,profiles/dribbble-shot-day.svg,,
Discord Banner / day,Profile & cover,day,960x540,Discord; Telegram,profiles/discord-banner-day.png,profiles/discord-banner-day.svg,,
Newsletter Header / day,Profile & cover,day,1200x600,Substack; Newsletter; Email,profiles/newsletter-header-day.png,profiles/newsletter-header-day.svg,,
Dribbble Shot / night,Profile & cover,night,1600x1200,Dribbble; Behance project,profiles/dribbble-shot-night.png,profiles/dribbble-shot-night.svg,,
Discord Banner / night,Profile & cover,night,960x540,Discord; Telegram,profiles/discord-banner-night.png,profiles/discord-banner-night.svg,,
Newsletter Header / night,Profile & cover,night,1200x600,Substack; Newsletter; Email,profiles/newsletter-header-night.png,profiles/newsletter-header-night.svg,,
Intro / vertical / day,Motion title card,day,1080x1920,Reels; TikTok; YouTube Shorts; Video end card,motion/title-cards/intro-vertical-day.png,motion/title-cards/intro-vertical-day.svg,,
Outro / vertical / day,Motion title card,day,1080x1920,Reels; TikTok; YouTube Shorts; Video end card,motion/title-cards/outro-vertical-day.png,motion/title-cards/outro-vertical-day.svg,,
Intro / square / day,Motion title card,day,1080x1080,Reels; TikTok; YouTube Shorts; Video end card,motion/title-cards/intro-square-day.png,motion/title-cards/intro-square-day.svg,,
Outro / square / day,Motion title card,day,1080x1080,Reels; TikTok; YouTube Shorts; Video end card,motion/title-cards/outro-square-day.png,motion/title-cards/outro-square-day.svg,,
Intro / vertical / night,Motion title card,night,1080x1920,Reels; TikTok; YouTube Shorts; Video end card,motion/title-cards/intro-vertical-night.png,motion/title-cards/intro-vertical-night.svg,,
Outro / vertical / night,Motion title card,night,1080x1920,Reels; TikTok; YouTube Shorts; Video end card,motion/title-cards/outro-vertical-night.png,motion/title-cards/outro-vertical-night.svg,,
Intro / square / night,Motion title card,night,1080x1080,Reels; TikTok; YouTube Shorts; Video end card,motion/title-cards/intro-square-night.png,motion/title-cards/intro-square-night.svg,,
Outro / square / night,Motion title card,night,1080x1080,Reels; TikTok; YouTube Shorts; Video end card,motion/title-cards/outro-square-night.png,motion/title-cards/outro-square-night.svg,,
Newsletter campaign banner 1,Email,day,1200x450,Email; Newsletter,email/campaign-banner-01.png,email/campaign-banner-01.svg,,
Newsletter campaign banner 2,Email,day,1200x450,Email; Newsletter,email/campaign-banner-02.png,email/campaign-banner-02.svg,,
Newsletter campaign banner 3,Email,day,1200x450,Email; Newsletter,email/campaign-banner-03.png,email/campaign-banner-03.svg,,
Newsletter campaign banner 4,Email,day,1200x450,Email; Newsletter,email/campaign-banner-04.png,email/campaign-banner-04.svg,,
