Slot,Pillar,Concept,Primary channels,Asset folder,Publishing note
1,Studio,Imagination. Made tangible.,LinkedIn + Instagram,social/01-imagination/day,Choose one platform variant. Use Stories to support the same idea rather than repeating every export.
2,Studio,One studio. Two lights.,LinkedIn + Instagram,social/02-two-lights/night,Choose one platform variant. Use Stories to support the same idea rather than repeating every export.
3,Studio,Small team. Big imagination.,LinkedIn + Instagram,social/03-small-mighty/day,Choose one platform variant. Use Stories to support the same idea rather than repeating every export.
4,Studio,Made with Atlanta energy.,LinkedIn + Instagram,social/04-atlanta/night,Choose one platform variant. Use Stories to support the same idea rather than repeating every export.
5,Carousel,01 meet capra,Instagram + LinkedIn,carousels/01-meet-capra/day,Use all six slides in numerical order. Link to the relevant service or project.
6,Software,Make the complicated clear.,LinkedIn + Instagram,social/05-software/night,Choose one platform variant. Use Stories to support the same idea rather than repeating every export.
7,Software,Better software. Better handoffs.,LinkedIn + Instagram,social/06-handoff/day,Choose one platform variant. Use Stories to support the same idea rather than repeating every export.
8,Software,From what if to what works.,LinkedIn + Instagram,social/07-idea-product/night,Choose one platform variant. Use Stories to support the same idea rather than repeating every export.
9,Project,Built for the long run.,LinkedIn + Instagram,social/08-trailgoat/day,Choose one platform variant. Use Stories to support the same idea rather than repeating every export.
10,Carousel,02 useful ai,Instagram + LinkedIn,carousels/02-useful-ai/day,Use all six slides in numerical order. Link to the relevant service or project.
11,Project,A better next step.,LinkedIn + Instagram,social/09-purple-squirrel/day,Choose one platform variant. Use Stories to support the same idea rather than repeating every export.
12,Web,A website with a point of view.,LinkedIn + Instagram,social/10-web/night,Choose one platform variant. Use Stories to support the same idea rather than repeating every export.
13,Web,Move people. Then pixels.,LinkedIn + Instagram,social/11-motion/day,Choose one platform variant. Use Stories to support the same idea rather than repeating every export.
14,Project,A pile of blocks. A brand with life.,LinkedIn + Instagram,social/12-brand-film/night,Choose one platform variant. Use Stories to support the same idea rather than repeating every export.
15,Carousel,03 web with purpose,Instagram + LinkedIn,carousels/03-web-with-purpose/day,Use all six slides in numerical order. Link to the relevant service or project.
16,Web,Your browser. Our playground.,LinkedIn + Instagram,social/13-webgl/night,Choose one platform variant. Use Stories to support the same idea rather than repeating every export.
17,Web,Give your idea dimension.,LinkedIn + Instagram,social/14-3d/day,Choose one platform variant. Use Stories to support the same idea rather than repeating every export.
18,AI,Put intelligence to work.,LinkedIn + Instagram,social/15-ai/night,Choose one platform variant. Use Stories to support the same idea rather than repeating every export.
19,AI,Your knowledge. Within reach.,LinkedIn + Instagram,social/16-knowledge/day,Choose one platform variant. Use Stories to support the same idea rather than repeating every export.
20,Carousel,04 better software,Instagram + LinkedIn,carousels/04-better-software/day,Use all six slides in numerical order. Link to the relevant service or project.
21,AI,Better answers. Clearer handoffs.,LinkedIn + Instagram,social/17-support/day,Choose one platform variant. Use Stories to support the same idea rather than repeating every export.
22,AI,Start small. Prove it useful.,LinkedIn + Instagram,social/18-pilot/night,Choose one platform variant. Use Stories to support the same idea rather than repeating every export.
23,AI,Connect the work. Keep control.,LinkedIn + Instagram,social/19-operations/day,Choose one platform variant. Use Stories to support the same idea rather than repeating every export.
24,AI,Better business begins with the work.,LinkedIn + Instagram,social/20-business-first/night,Choose one platform variant. Use Stories to support the same idea rather than repeating every export.
25,Carousel,05 trailgoat story,Instagram + LinkedIn,carousels/05-trailgoat-story/day,Use all six slides in numerical order. Link to the relevant service or project.
26,Studio,Software. Web. AI.,LinkedIn + Instagram,social/21-three-disciplines/night,Choose one platform variant. Use Stories to support the same idea rather than repeating every export.
27,Studio,What are you imagining?,LinkedIn + Instagram,social/22-project-invitation/day,Choose one platform variant. Use Stories to support the same idea rather than repeating every export.
28,Studio,Let’s make an impression.,LinkedIn + Instagram,social/23-impression/night,Choose one platform variant. Use Stories to support the same idea rather than repeating every export.
29,Studio,Meet the people making the work.,LinkedIn + Instagram,social/24-direct/day,Choose one platform variant. Use Stories to support the same idea rather than repeating every export.
30,Carousel,06 connected business,Instagram + LinkedIn,carousels/06-connected-business/day,Use all six slides in numerical order. Link to the relevant service or project.
