id,pillar,channel,headline,copy,url,asset,alt_text
01-imagination,Studio,Instagram / Facebook,Imagination. Made tangible.,"Imagination is a good place to start. Making it useful is where we come in. Capra Studios brings software, web, motion and practical AI together around the thing you want to build.

Explore the work at caprastudios.co.

#CapraStudios #AtlantaDesign #CreativeStudio",https://caprastudios.co/,social/01-imagination/day/portrait.png,"Imagination. Made tangible. Capra Studios campaign. Software, websites that move, and AI that earns its keep. A small team of specialists in Atlanta. Features a still from Capra’s ink work."
01-imagination,Studio,LinkedIn,Imagination. Made tangible.,"Imagination is a good place to start. Making it useful is where we come in. Capra Studios brings software, web, motion and practical AI together around the thing you want to build.

Software, web and AI are connected parts of how we make an idea tangible.

https://caprastudios.co/",https://caprastudios.co/,social/01-imagination/day/landscape.png,"Imagination. Made tangible. Capra Studios campaign. Software, websites that move, and AI that earns its keep. A small team of specialists in Atlanta. Features a still from Capra’s ink work."
01-imagination,Studio,X / Threads / Bluesky,Imagination. Made tangible.,"Imagination. Made tangible. Software, websites that move, and AI that earns its keep. A small team of specialists in Atlanta.
https://caprastudios.co/",https://caprastudios.co/,social/01-imagination/day/portrait.png,"Imagination. Made tangible. Capra Studios campaign. Software, websites that move, and AI that earns its keep. A small team of specialists in Atlanta. Features a still from Capra’s ink work."
01-imagination,Studio,Pinterest,Imagination. Made tangible.,"Imagination. Made tangible. Imagination is a good place to start. Making it useful is where we come in. Capra Studios brings software, web, motion and practical AI together around the thing you want to build. Explore Capra Studios, an Atlanta software, web and AI studio. https://caprastudios.co/",https://caprastudios.co/,social/01-imagination/day/pin.png,"Imagination. Made tangible. Capra Studios campaign. Software, websites that move, and AI that earns its keep. A small team of specialists in Atlanta. Features a still from Capra’s ink work."
02-two-lights,Studio,Instagram / Facebook,One studio. Two lights.,"Our site has two sides. Paper, ink and a little attitude in daylight. Luminous color after dark. Turn the lights off at caprastudios.co and explore the work.

Explore the work at caprastudios.co.

#CapraStudios #AtlantaDesign #CreativeStudio",https://caprastudios.co/,social/02-two-lights/day/portrait.png,One studio. Two lights. Capra Studios campaign. Daylight or blacklight. Same point of view. Explore both sides of Capra Studios. Features a still from Capra’s metal work.
02-two-lights,Studio,LinkedIn,One studio. Two lights.,"Our site has two sides. Paper, ink and a little attitude in daylight. Luminous color after dark. Turn the lights off at caprastudios.co and explore the work.

Software, web and AI are connected parts of how we make an idea tangible.

https://caprastudios.co/",https://caprastudios.co/,social/02-two-lights/day/landscape.png,One studio. Two lights. Capra Studios campaign. Daylight or blacklight. Same point of view. Explore both sides of Capra Studios. Features a still from Capra’s metal work.
02-two-lights,Studio,X / Threads / Bluesky,One studio. Two lights.,"One studio. Two lights. Daylight or blacklight. Same point of view. Explore both sides of Capra Studios.
https://caprastudios.co/",https://caprastudios.co/,social/02-two-lights/day/portrait.png,One studio. Two lights. Capra Studios campaign. Daylight or blacklight. Same point of view. Explore both sides of Capra Studios. Features a still from Capra’s metal work.
02-two-lights,Studio,Pinterest,One studio. Two lights.,"One studio. Two lights. Our site has two sides. Paper, ink and a little attitude in daylight. Luminous color after dark. Turn the lights off at caprastudios.co and explore the work. Explore Capra Studios, an Atlanta software, web and AI studio. https://caprastudios.co/",https://caprastudios.co/,social/02-two-lights/day/pin.png,One studio. Two lights. Capra Studios campaign. Daylight or blacklight. Same point of view. Explore both sides of Capra Studios. Features a still from Capra’s metal work.
03-small-mighty,Studio,Instagram / Facebook,Small team. Big imagination.,"A smaller team can mean a more direct conversation. At Capra, the people shaping your project are the people you talk to. Tell us what you are imagining.

Explore the work at caprastudios.co.

#CapraStudios #AtlantaDesign #CreativeStudio",https://caprastudios.co/,social/03-small-mighty/day/portrait.png,"Small team. Big imagination. Capra Studios campaign. Talk directly to the designers, engineers and specialists doing the work. Includes the Capra unicorn mark and studio colors."
03-small-mighty,Studio,LinkedIn,Small team. Big imagination.,"A smaller team can mean a more direct conversation. At Capra, the people shaping your project are the people you talk to. Tell us what you are imagining.

Software, web and AI are connected parts of how we make an idea tangible.

https://caprastudios.co/",https://caprastudios.co/,social/03-small-mighty/day/landscape.png,"Small team. Big imagination. Capra Studios campaign. Talk directly to the designers, engineers and specialists doing the work. Includes the Capra unicorn mark and studio colors."
03-small-mighty,Studio,X / Threads / Bluesky,Small team. Big imagination.,"Small team. Big imagination. Talk directly to the designers, engineers and specialists doing the work.
https://caprastudios.co/",https://caprastudios.co/,social/03-small-mighty/day/portrait.png,"Small team. Big imagination. Capra Studios campaign. Talk directly to the designers, engineers and specialists doing the work. Includes the Capra unicorn mark and studio colors."
03-small-mighty,Studio,Pinterest,Small team. Big imagination.,"Small team. Big imagination. A smaller team can mean a more direct conversation. At Capra, the people shaping your project are the people you talk to. Tell us what you are imagining. Explore Capra Studios, an Atlanta software, web and AI studio. https://caprastudios.co/",https://caprastudios.co/,social/03-small-mighty/day/pin.png,"Small team. Big imagination. Capra Studios campaign. Talk directly to the designers, engineers and specialists doing the work. Includes the Capra unicorn mark and studio colors."
04-atlanta,Studio,Instagram / Facebook,Made with Atlanta energy.,"Atlanta is home. Curiosity is the starting point. We design and build software, websites with motion, and AI systems around real business needs.

Explore the work at caprastudios.co.

#CapraStudios #AtlantaDesign #CreativeStudio",https://caprastudios.co/,social/04-atlanta/day/portrait.png,Made with Atlanta energy. Capra Studios campaign. A small team of specialists in Atlanta. Software. Web. AI. Includes the Capra unicorn mark and studio colors.
04-atlanta,Studio,LinkedIn,Made with Atlanta energy.,"Atlanta is home. Curiosity is the starting point. We design and build software, websites with motion, and AI systems around real business needs.

Software, web and AI are connected parts of how we make an idea tangible.

https://caprastudios.co/",https://caprastudios.co/,social/04-atlanta/day/landscape.png,Made with Atlanta energy. Capra Studios campaign. A small team of specialists in Atlanta. Software. Web. AI. Includes the Capra unicorn mark and studio colors.
04-atlanta,Studio,X / Threads / Bluesky,Made with Atlanta energy.,"Made with Atlanta energy. A small team of specialists in Atlanta. Software. Web. AI.
https://caprastudios.co/",https://caprastudios.co/,social/04-atlanta/day/portrait.png,Made with Atlanta energy. Capra Studios campaign. A small team of specialists in Atlanta. Software. Web. AI. Includes the Capra unicorn mark and studio colors.
04-atlanta,Studio,Pinterest,Made with Atlanta energy.,"Made with Atlanta energy. Atlanta is home. Curiosity is the starting point. We design and build software, websites with motion, and AI systems around real business needs. Explore Capra Studios, an Atlanta software, web and AI studio. https://caprastudios.co/",https://caprastudios.co/,social/04-atlanta/day/pin.png,Made with Atlanta energy. Capra Studios campaign. A small team of specialists in Atlanta. Software. Web. AI. Includes the Capra unicorn mark and studio colors.
05-software,Software,Instagram / Facebook,Make the complicated clear.,"When a process lives across spreadsheets, messages and workarounds, another tool is not always the answer. Start by making the work clear. Then build the application around it.

Explore the work at caprastudios.co.

#CapraStudios #AtlantaDesign #ProductDesign",https://caprastudios.co/work.html,social/05-software/day/portrait.png,Make the complicated clear. Capra Studios campaign. Custom applications designed around the people who use them. Includes the Capra unicorn mark and studio colors.
05-software,Software,LinkedIn,Make the complicated clear.,"When a process lives across spreadsheets, messages and workarounds, another tool is not always the answer. Start by making the work clear. Then build the application around it.

The details matter: who uses it, what they need to decide and what should happen next.

https://caprastudios.co/work.html",https://caprastudios.co/work.html,social/05-software/day/landscape.png,Make the complicated clear. Capra Studios campaign. Custom applications designed around the people who use them. Includes the Capra unicorn mark and studio colors.
05-software,Software,X / Threads / Bluesky,Make the complicated clear.,"Make the complicated clear. Custom applications designed around the people who use them.
https://caprastudios.co/work.html",https://caprastudios.co/work.html,social/05-software/day/portrait.png,Make the complicated clear. Capra Studios campaign. Custom applications designed around the people who use them. Includes the Capra unicorn mark and studio colors.
05-software,Software,Pinterest,Make the complicated clear.,"Make the complicated clear. When a process lives across spreadsheets, messages and workarounds, another tool is not always the answer. Start by making the work clear. Then build the application around it. Explore Capra Studios, an Atlanta software, web and AI studio. https://caprastudios.co/work.html",https://caprastudios.co/work.html,social/05-software/day/pin.png,Make the complicated clear. Capra Studios campaign. Custom applications designed around the people who use them. Includes the Capra unicorn mark and studio colors.
06-handoff,Software,Instagram / Facebook,Better software. Better handoffs.,"A handoff should move the work forward. We design applications around who needs what, what happens next, and where information gets lost along the way.

Explore the work at caprastudios.co.

#CapraStudios #AtlantaDesign #ProductDesign",https://caprastudios.co/work.html,social/06-handoff/day/portrait.png,"Better software. Better handoffs. Capra Studios campaign. Give every step a clear owner, useful context and a next action. Includes the Capra unicorn mark and studio colors."
06-handoff,Software,LinkedIn,Better software. Better handoffs.,"A handoff should move the work forward. We design applications around who needs what, what happens next, and where information gets lost along the way.

The details matter: who uses it, what they need to decide and what should happen next.

https://caprastudios.co/work.html",https://caprastudios.co/work.html,social/06-handoff/day/landscape.png,"Better software. Better handoffs. Capra Studios campaign. Give every step a clear owner, useful context and a next action. Includes the Capra unicorn mark and studio colors."
06-handoff,Software,X / Threads / Bluesky,Better software. Better handoffs.,"Better software. Better handoffs. Give every step a clear owner, useful context and a next action.
https://caprastudios.co/work.html",https://caprastudios.co/work.html,social/06-handoff/day/portrait.png,"Better software. Better handoffs. Capra Studios campaign. Give every step a clear owner, useful context and a next action. Includes the Capra unicorn mark and studio colors."
06-handoff,Software,Pinterest,Better software. Better handoffs.,"Better software. Better handoffs. A handoff should move the work forward. We design applications around who needs what, what happens next, and where information gets lost along the way. Explore Capra Studios, an Atlanta software, web and AI studio. https://caprastudios.co/work.html",https://caprastudios.co/work.html,social/06-handoff/day/pin.png,"Better software. Better handoffs. Capra Studios campaign. Give every step a clear owner, useful context and a next action. Includes the Capra unicorn mark and studio colors."
07-idea-product,Software,Instagram / Facebook,From what if to what works.,"You do not need a perfect specification to begin a useful conversation. Bring the idea, the problem and the people it needs to help. We can work from there.

Explore the work at caprastudios.co.

#CapraStudios #AtlantaDesign #ProductDesign",https://caprastudios.co/work.html,social/07-idea-product/day/portrait.png,From what if to what works. Capra Studios campaign. Bring the idea. We will help shape the product and build it. Includes the Capra unicorn mark and studio colors.
07-idea-product,Software,LinkedIn,From what if to what works.,"You do not need a perfect specification to begin a useful conversation. Bring the idea, the problem and the people it needs to help. We can work from there.

The details matter: who uses it, what they need to decide and what should happen next.

https://caprastudios.co/work.html",https://caprastudios.co/work.html,social/07-idea-product/day/landscape.png,From what if to what works. Capra Studios campaign. Bring the idea. We will help shape the product and build it. Includes the Capra unicorn mark and studio colors.
07-idea-product,Software,X / Threads / Bluesky,From what if to what works.,"From what if to what works. Bring the idea. We will help shape the product and build it.
https://caprastudios.co/work.html",https://caprastudios.co/work.html,social/07-idea-product/day/portrait.png,From what if to what works. Capra Studios campaign. Bring the idea. We will help shape the product and build it. Includes the Capra unicorn mark and studio colors.
07-idea-product,Software,Pinterest,From what if to what works.,"From what if to what works. You do not need a perfect specification to begin a useful conversation. Bring the idea, the problem and the people it needs to help. We can work from there. Explore Capra Studios, an Atlanta software, web and AI studio. https://caprastudios.co/work.html",https://caprastudios.co/work.html,social/07-idea-product/day/pin.png,From what if to what works. Capra Studios campaign. Bring the idea. We will help shape the product and build it. Includes the Capra unicorn mark and studio colors.
08-trailgoat,Project,Instagram / Facebook,Built for the long run.,"TrailGoat brings course, pace and fueling into one planning tool for trail and ultra runners. We designed it, built it, and made the brand film. See the project story.

Explore the work at caprastudios.co.

#CapraStudios #AtlantaDesign #DigitalDesign",https://caprastudios.co/trailgoat.html,social/08-trailgoat/day/portrait.png,"Built for the long run. Capra Studios campaign. TrailGoat: course planning, pace and fueling for trail and ultra runners. Features a still from Capra’s trail work."
08-trailgoat,Project,LinkedIn,Built for the long run.,"TrailGoat brings course, pace and fueling into one planning tool for trail and ultra runners. We designed it, built it, and made the brand film. See the project story.

Explore the design, the development and the decisions behind the work.

https://caprastudios.co/trailgoat.html",https://caprastudios.co/trailgoat.html,social/08-trailgoat/day/landscape.png,"Built for the long run. Capra Studios campaign. TrailGoat: course planning, pace and fueling for trail and ultra runners. Features a still from Capra’s trail work."
08-trailgoat,Project,X / Threads / Bluesky,Built for the long run.,"Built for the long run. TrailGoat: course planning, pace and fueling for trail and ultra runners.
https://caprastudios.co/trailgoat.html",https://caprastudios.co/trailgoat.html,social/08-trailgoat/day/portrait.png,"Built for the long run. Capra Studios campaign. TrailGoat: course planning, pace and fueling for trail and ultra runners. Features a still from Capra’s trail work."
08-trailgoat,Project,Pinterest,Built for the long run.,"Built for the long run. TrailGoat brings course, pace and fueling into one planning tool for trail and ultra runners. We designed it, built it, and made the brand film. See the project story. Explore Capra Studios, an Atlanta software, web and AI studio. https://caprastudios.co/trailgoat.html",https://caprastudios.co/trailgoat.html,social/08-trailgoat/day/pin.png,"Built for the long run. Capra Studios campaign. TrailGoat: course planning, pace and fueling for trail and ultra runners. Features a still from Capra’s trail work."
09-purple-squirrel,Project,Instagram / Facebook,A better next step.,"Purple Squirrel focuses on a specific moment in staffing: a recruiter submits a candidate and a client needs to review them. Clear context and a clear next step shape the application.

Explore the work at caprastudios.co.

#CapraStudios #AtlantaDesign #DigitalDesign",https://caprastudios.co/purple-squirrel.html,social/09-purple-squirrel/day/portrait.png,A better next step. Capra Studios campaign. Purple Squirrel: the handoff from recruiter submission to client review. Features a still from Capra’s squirrel work.
09-purple-squirrel,Project,LinkedIn,A better next step.,"Purple Squirrel focuses on a specific moment in staffing: a recruiter submits a candidate and a client needs to review them. Clear context and a clear next step shape the application.

Explore the design, the development and the decisions behind the work.

https://caprastudios.co/purple-squirrel.html",https://caprastudios.co/purple-squirrel.html,social/09-purple-squirrel/day/landscape.png,A better next step. Capra Studios campaign. Purple Squirrel: the handoff from recruiter submission to client review. Features a still from Capra’s squirrel work.
09-purple-squirrel,Project,X / Threads / Bluesky,A better next step.,"A better next step. Purple Squirrel: the handoff from recruiter submission to client review.
https://caprastudios.co/purple-squirrel.html",https://caprastudios.co/purple-squirrel.html,social/09-purple-squirrel/day/portrait.png,A better next step. Capra Studios campaign. Purple Squirrel: the handoff from recruiter submission to client review. Features a still from Capra’s squirrel work.
09-purple-squirrel,Project,Pinterest,A better next step.,"A better next step. Purple Squirrel focuses on a specific moment in staffing: a recruiter submits a candidate and a client needs to review them. Clear context and a clear next step shape the application. Explore Capra Studios, an Atlanta software, web and AI studio. https://caprastudios.co/purple-squirrel.html",https://caprastudios.co/purple-squirrel.html,social/09-purple-squirrel/day/pin.png,A better next step. Capra Studios campaign. Purple Squirrel: the handoff from recruiter submission to client review. Features a still from Capra’s squirrel work.
10-web,Web,Instagram / Facebook,A website with a point of view.,"Your website should feel like your business and help people understand what to do next. We bring design, development and motion together around that job.

Explore the work at caprastudios.co.

#CapraStudios #AtlantaDesign #WebDesign",https://caprastudios.co/motion.html,social/10-web/day/portrait.png,A website with a point of view. Capra Studios campaign. Distinctive design. Clear content. Motion with a reason to be there. Features a still from Capra’s print work.
10-web,Web,LinkedIn,A website with a point of view.,"Your website should feel like your business and help people understand what to do next. We bring design, development and motion together around that job.

The design and the behavior should tell the same story.

https://caprastudios.co/motion.html",https://caprastudios.co/motion.html,social/10-web/day/landscape.png,A website with a point of view. Capra Studios campaign. Distinctive design. Clear content. Motion with a reason to be there. Features a still from Capra’s print work.
10-web,Web,X / Threads / Bluesky,A website with a point of view.,"A website with a point of view. Distinctive design. Clear content. Motion with a reason to be there.
https://caprastudios.co/motion.html",https://caprastudios.co/motion.html,social/10-web/day/portrait.png,A website with a point of view. Capra Studios campaign. Distinctive design. Clear content. Motion with a reason to be there. Features a still from Capra’s print work.
10-web,Web,Pinterest,A website with a point of view.,"A website with a point of view. Your website should feel like your business and help people understand what to do next. We bring design, development and motion together around that job. Explore Capra Studios, an Atlanta software, web and AI studio. https://caprastudios.co/motion.html",https://caprastudios.co/motion.html,social/10-web/day/pin.png,A website with a point of view. Capra Studios campaign. Distinctive design. Clear content. Motion with a reason to be there. Features a still from Capra’s print work.
11-motion,Web,Instagram / Facebook,Move people. Then pixels.,"Motion earns its place when it explains, guides or makes something memorable. From browser interactions to 3D brand films, we design the movement around the message.

Explore the work at caprastudios.co.

#CapraStudios #AtlantaDesign #WebDesign",https://caprastudios.co/motion.html,social/11-motion/day/portrait.png,Move people. Then pixels. Capra Studios campaign. Motion and video graphics that give the work a story. Features a still from Capra’s ink work.
11-motion,Web,LinkedIn,Move people. Then pixels.,"Motion earns its place when it explains, guides or makes something memorable. From browser interactions to 3D brand films, we design the movement around the message.

The design and the behavior should tell the same story.

https://caprastudios.co/motion.html",https://caprastudios.co/motion.html,social/11-motion/day/landscape.png,Move people. Then pixels. Capra Studios campaign. Motion and video graphics that give the work a story. Features a still from Capra’s ink work.
11-motion,Web,X / Threads / Bluesky,Move people. Then pixels.,"Move people. Then pixels. Motion and video graphics that give the work a story.
https://caprastudios.co/motion.html",https://caprastudios.co/motion.html,social/11-motion/day/portrait.png,Move people. Then pixels. Capra Studios campaign. Motion and video graphics that give the work a story. Features a still from Capra’s ink work.
11-motion,Web,Pinterest,Move people. Then pixels.,"Move people. Then pixels. Motion earns its place when it explains, guides or makes something memorable. From browser interactions to 3D brand films, we design the movement around the message. Explore Capra Studios, an Atlanta software, web and AI studio. https://caprastudios.co/motion.html",https://caprastudios.co/motion.html,social/11-motion/day/pin.png,Move people. Then pixels. Capra Studios campaign. Motion and video graphics that give the work a story. Features a still from Capra’s ink work.
12-brand-film,Project,Instagram / Facebook,A pile of blocks. A brand with life.,"A pile of blocks becomes a goat. The goat flips. The wordmark lands. Our TrailGoat brand film turns a simple transformation into a short story. Watch the 4K film with sound on the site.

Explore the work at caprastudios.co.

#CapraStudios #AtlantaDesign #DigitalDesign",https://caprastudios.co/trailgoat.html,social/12-brand-film/day/portrait.png,"A pile of blocks. A brand with life. Capra Studios campaign. TrailGoat: a goat takes shape, flips and resolves into a wordmark. Features a still from Capra’s film work."
12-brand-film,Project,LinkedIn,A pile of blocks. A brand with life.,"A pile of blocks becomes a goat. The goat flips. The wordmark lands. Our TrailGoat brand film turns a simple transformation into a short story. Watch the 4K film with sound on the site.

Explore the design, the development and the decisions behind the work.

https://caprastudios.co/trailgoat.html",https://caprastudios.co/trailgoat.html,social/12-brand-film/day/landscape.png,"A pile of blocks. A brand with life. Capra Studios campaign. TrailGoat: a goat takes shape, flips and resolves into a wordmark. Features a still from Capra’s film work."
12-brand-film,Project,X / Threads / Bluesky,A pile of blocks. A brand with life.,"A pile of blocks. A brand with life. TrailGoat: a goat takes shape, flips and resolves into a wordmark.
https://caprastudios.co/trailgoat.html",https://caprastudios.co/trailgoat.html,social/12-brand-film/day/portrait.png,"A pile of blocks. A brand with life. Capra Studios campaign. TrailGoat: a goat takes shape, flips and resolves into a wordmark. Features a still from Capra’s film work."
12-brand-film,Project,Pinterest,A pile of blocks. A brand with life.,"A pile of blocks. A brand with life. A pile of blocks becomes a goat. The goat flips. The wordmark lands. Our TrailGoat brand film turns a simple transformation into a short story. Watch the 4K film with sound on the site. Explore Capra Studios, an Atlanta software, web and AI studio. https://caprastudios.co/trailgoat.html",https://caprastudios.co/trailgoat.html,social/12-brand-film/day/pin.png,"A pile of blocks. A brand with life. Capra Studios campaign. TrailGoat: a goat takes shape, flips and resolves into a wordmark. Features a still from Capra’s film work."
13-webgl,Web,Instagram / Facebook,Your browser. Our playground.,"A browser can be a place to explore. Our web and motion experiments respond to interaction, play with color and turn technical possibilities into a visual experience.

Explore the work at caprastudios.co.

#CapraStudios #AtlantaDesign #WebDesign",https://caprastudios.co/motion.html,social/13-webgl/day/portrait.png,"Your browser. Our playground. Capra Studios campaign. Interactive web experiences with color, motion and a point of view. Features a still from Capra’s grow work."
13-webgl,Web,LinkedIn,Your browser. Our playground.,"A browser can be a place to explore. Our web and motion experiments respond to interaction, play with color and turn technical possibilities into a visual experience.

The design and the behavior should tell the same story.

https://caprastudios.co/motion.html",https://caprastudios.co/motion.html,social/13-webgl/day/landscape.png,"Your browser. Our playground. Capra Studios campaign. Interactive web experiences with color, motion and a point of view. Features a still from Capra’s grow work."
13-webgl,Web,X / Threads / Bluesky,Your browser. Our playground.,"Your browser. Our playground. Interactive web experiences with color, motion and a point of view.
https://caprastudios.co/motion.html",https://caprastudios.co/motion.html,social/13-webgl/day/portrait.png,"Your browser. Our playground. Capra Studios campaign. Interactive web experiences with color, motion and a point of view. Features a still from Capra’s grow work."
13-webgl,Web,Pinterest,Your browser. Our playground.,"Your browser. Our playground. A browser can be a place to explore. Our web and motion experiments respond to interaction, play with color and turn technical possibilities into a visual experience. Explore Capra Studios, an Atlanta software, web and AI studio. https://caprastudios.co/motion.html",https://caprastudios.co/motion.html,social/13-webgl/day/pin.png,"Your browser. Our playground. Capra Studios campaign. Interactive web experiences with color, motion and a point of view. Features a still from Capra’s grow work."
14-3d,Web,Instagram / Facebook,Give your idea dimension.,"Some ideas deserve more than a flat frame. We create 3D pieces and brand films that give an identity form, atmosphere and movement.

Explore the work at caprastudios.co.

#CapraStudios #AtlantaDesign #WebDesign",https://caprastudios.co/motion.html,social/14-3d/day/portrait.png,"Give your idea dimension. Capra Studios campaign. 3D pieces and brand films for websites, launches and the moments that matter. Features a still from Capra’s metal work."
14-3d,Web,LinkedIn,Give your idea dimension.,"Some ideas deserve more than a flat frame. We create 3D pieces and brand films that give an identity form, atmosphere and movement.

The design and the behavior should tell the same story.

https://caprastudios.co/motion.html",https://caprastudios.co/motion.html,social/14-3d/day/landscape.png,"Give your idea dimension. Capra Studios campaign. 3D pieces and brand films for websites, launches and the moments that matter. Features a still from Capra’s metal work."
14-3d,Web,X / Threads / Bluesky,Give your idea dimension.,"Give your idea dimension. 3D pieces and brand films for websites, launches and the moments that matter.
https://caprastudios.co/motion.html",https://caprastudios.co/motion.html,social/14-3d/day/portrait.png,"Give your idea dimension. Capra Studios campaign. 3D pieces and brand films for websites, launches and the moments that matter. Features a still from Capra’s metal work."
14-3d,Web,Pinterest,Give your idea dimension.,"Give your idea dimension. Some ideas deserve more than a flat frame. We create 3D pieces and brand films that give an identity form, atmosphere and movement. Explore Capra Studios, an Atlanta software, web and AI studio. https://caprastudios.co/motion.html",https://caprastudios.co/motion.html,social/14-3d/day/pin.png,"Give your idea dimension. Capra Studios campaign. 3D pieces and brand films for websites, launches and the moments that matter. Features a still from Capra’s metal work."
15-ai,AI,Instagram / Facebook,Put intelligence to work.,"The useful AI question is not what is possible in a demo. It is what should happen in your business. We start with the workflow, the knowledge and the people, then build a focused system.

Explore the work at caprastudios.co.

#CapraStudios #AtlantaDesign #AIConsulting",https://caprastudios.co/ai-consulting.html,social/15-ai/day/portrait.png,"Put intelligence to work. Capra Studios campaign. Chat agents, knowledge systems and connected operations built around your business. Includes the Capra unicorn mark and studio colors."
15-ai,AI,LinkedIn,Put intelligence to work.,"The useful AI question is not what is possible in a demo. It is what should happen in your business. We start with the workflow, the knowledge and the people, then build a focused system.

The starting point is a business problem, a clear scope and a way to measure whether the system is useful.

https://caprastudios.co/ai-consulting.html",https://caprastudios.co/ai-consulting.html,social/15-ai/day/landscape.png,"Put intelligence to work. Capra Studios campaign. Chat agents, knowledge systems and connected operations built around your business. Includes the Capra unicorn mark and studio colors."
15-ai,AI,X / Threads / Bluesky,Put intelligence to work.,"Put intelligence to work. Chat agents, knowledge systems and connected operations built around your business.
https://caprastudios.co/ai-consulting.html",https://caprastudios.co/ai-consulting.html,social/15-ai/day/portrait.png,"Put intelligence to work. Capra Studios campaign. Chat agents, knowledge systems and connected operations built around your business. Includes the Capra unicorn mark and studio colors."
15-ai,AI,Pinterest,Put intelligence to work.,"Put intelligence to work. The useful AI question is not what is possible in a demo. It is what should happen in your business. We start with the workflow, the knowledge and the people, then build a focused system. Explore Capra Studios, an Atlanta software, web and AI studio. https://caprastudios.co/ai-consulting.html",https://caprastudios.co/ai-consulting.html,social/15-ai/day/pin.png,"Put intelligence to work. Capra Studios campaign. Chat agents, knowledge systems and connected operations built around your business. Includes the Capra unicorn mark and studio colors."
16-knowledge,AI,Instagram / Facebook,Your knowledge. Within reach.,"The answer may already be in your business. A RAG knowledge system retrieves relevant information from your documents and gives an assistant context, with source references and access controls designed into the workflow.

Explore the work at caprastudios.co.

#CapraStudios #AtlantaDesign #AIConsulting",https://caprastudios.co/ai-consulting.html,social/16-knowledge/day/portrait.png,Your knowledge. Within reach. Capra Studios campaign. Connect an assistant to the documents and context it needs to answer well. Includes the Capra unicorn mark and studio colors.
16-knowledge,AI,LinkedIn,Your knowledge. Within reach.,"The answer may already be in your business. A RAG knowledge system retrieves relevant information from your documents and gives an assistant context, with source references and access controls designed into the workflow.

The starting point is a business problem, a clear scope and a way to measure whether the system is useful.

https://caprastudios.co/ai-consulting.html",https://caprastudios.co/ai-consulting.html,social/16-knowledge/day/landscape.png,Your knowledge. Within reach. Capra Studios campaign. Connect an assistant to the documents and context it needs to answer well. Includes the Capra unicorn mark and studio colors.
16-knowledge,AI,X / Threads / Bluesky,Your knowledge. Within reach.,"Your knowledge. Within reach. Connect an assistant to the documents and context it needs to answer well.
https://caprastudios.co/ai-consulting.html",https://caprastudios.co/ai-consulting.html,social/16-knowledge/day/portrait.png,Your knowledge. Within reach. Capra Studios campaign. Connect an assistant to the documents and context it needs to answer well. Includes the Capra unicorn mark and studio colors.
16-knowledge,AI,Pinterest,Your knowledge. Within reach.,"Your knowledge. Within reach. The answer may already be in your business. A RAG knowledge system retrieves relevant information from your documents and gives an assistant context, with source references and access controls designed into the workflow. Explore Capra Studios, an Atlanta software, web and AI studio. https://caprastudios.co/ai-consulting.html",https://caprastudios.co/ai-consulting.html,social/16-knowledge/day/pin.png,Your knowledge. Within reach. Capra Studios campaign. Connect an assistant to the documents and context it needs to answer well. Includes the Capra unicorn mark and studio colors.
17-support,AI,Instagram / Facebook,Better answers. Clearer handoffs.,"A support agent should do more than reply. It can collect the details a team needs, answer repeat questions and route the request, with clear handoffs when a person needs to step in.

Explore the work at caprastudios.co.

#CapraStudios #AtlantaDesign #AIConsulting",https://caprastudios.co/ai-consulting.html,social/17-support/day/portrait.png,Better answers. Clearer handoffs. Capra Studios campaign. Customer service agents that gather context and know when to bring in a person. Includes the Capra unicorn mark and studio colors.
17-support,AI,LinkedIn,Better answers. Clearer handoffs.,"A support agent should do more than reply. It can collect the details a team needs, answer repeat questions and route the request, with clear handoffs when a person needs to step in.

The starting point is a business problem, a clear scope and a way to measure whether the system is useful.

https://caprastudios.co/ai-consulting.html",https://caprastudios.co/ai-consulting.html,social/17-support/day/landscape.png,Better answers. Clearer handoffs. Capra Studios campaign. Customer service agents that gather context and know when to bring in a person. Includes the Capra unicorn mark and studio colors.
17-support,AI,X / Threads / Bluesky,Better answers. Clearer handoffs.,"Better answers. Clearer handoffs. Customer service agents that gather context and know when to bring in a person.
https://caprastudios.co/ai-consulting.html",https://caprastudios.co/ai-consulting.html,social/17-support/day/portrait.png,Better answers. Clearer handoffs. Capra Studios campaign. Customer service agents that gather context and know when to bring in a person. Includes the Capra unicorn mark and studio colors.
17-support,AI,Pinterest,Better answers. Clearer handoffs.,"Better answers. Clearer handoffs. A support agent should do more than reply. It can collect the details a team needs, answer repeat questions and route the request, with clear handoffs when a person needs to step in. Explore Capra Studios, an Atlanta software, web and AI studio. https://caprastudios.co/ai-consulting.html",https://caprastudios.co/ai-consulting.html,social/17-support/day/pin.png,Better answers. Clearer handoffs. Capra Studios campaign. Customer service agents that gather context and know when to bring in a person. Includes the Capra unicorn mark and studio colors.
18-pilot,AI,Instagram / Facebook,Start small. Prove it useful.,"Choose one workflow. Agree what success looks like. Test real questions, edge cases and handoffs. Then decide what deserves to grow. That is how we approach practical AI adoption.

Explore the work at caprastudios.co.

#CapraStudios #AtlantaDesign #AIConsulting",https://caprastudios.co/ai-consulting.html,social/18-pilot/day/portrait.png,Start small. Prove it useful. Capra Studios campaign. Map one opportunity. Build a focused pilot. Measure before expanding. Includes the Capra unicorn mark and studio colors.
18-pilot,AI,LinkedIn,Start small. Prove it useful.,"Choose one workflow. Agree what success looks like. Test real questions, edge cases and handoffs. Then decide what deserves to grow. That is how we approach practical AI adoption.

The starting point is a business problem, a clear scope and a way to measure whether the system is useful.

https://caprastudios.co/ai-consulting.html",https://caprastudios.co/ai-consulting.html,social/18-pilot/day/landscape.png,Start small. Prove it useful. Capra Studios campaign. Map one opportunity. Build a focused pilot. Measure before expanding. Includes the Capra unicorn mark and studio colors.
18-pilot,AI,X / Threads / Bluesky,Start small. Prove it useful.,"Start small. Prove it useful. Map one opportunity. Build a focused pilot. Measure before expanding.
https://caprastudios.co/ai-consulting.html",https://caprastudios.co/ai-consulting.html,social/18-pilot/day/portrait.png,Start small. Prove it useful. Capra Studios campaign. Map one opportunity. Build a focused pilot. Measure before expanding. Includes the Capra unicorn mark and studio colors.
18-pilot,AI,Pinterest,Start small. Prove it useful.,"Start small. Prove it useful. Choose one workflow. Agree what success looks like. Test real questions, edge cases and handoffs. Then decide what deserves to grow. That is how we approach practical AI adoption. Explore Capra Studios, an Atlanta software, web and AI studio. https://caprastudios.co/ai-consulting.html",https://caprastudios.co/ai-consulting.html,social/18-pilot/day/pin.png,Start small. Prove it useful. Capra Studios campaign. Map one opportunity. Build a focused pilot. Measure before expanding. Includes the Capra unicorn mark and studio colors.
19-operations,AI,Instagram / Facebook,Connect the work. Keep control.,"Sales, service, administration and delivery do not happen in isolation. We help map the work between them and design connected operations with responsibilities, permissions and review built in.

Explore the work at caprastudios.co.

#CapraStudios #AtlantaDesign #AIConsulting",https://caprastudios.co/ai-consulting.html,social/19-operations/day/portrait.png,"Connect the work. Keep control. Capra Studios campaign. Agents and automations with defined roles, permissions and human review. Includes the Capra unicorn mark and studio colors."
19-operations,AI,LinkedIn,Connect the work. Keep control.,"Sales, service, administration and delivery do not happen in isolation. We help map the work between them and design connected operations with responsibilities, permissions and review built in.

The starting point is a business problem, a clear scope and a way to measure whether the system is useful.

https://caprastudios.co/ai-consulting.html",https://caprastudios.co/ai-consulting.html,social/19-operations/day/landscape.png,"Connect the work. Keep control. Capra Studios campaign. Agents and automations with defined roles, permissions and human review. Includes the Capra unicorn mark and studio colors."
19-operations,AI,X / Threads / Bluesky,Connect the work. Keep control.,"Connect the work. Keep control. Agents and automations with defined roles, permissions and human review.
https://caprastudios.co/ai-consulting.html",https://caprastudios.co/ai-consulting.html,social/19-operations/day/portrait.png,"Connect the work. Keep control. Capra Studios campaign. Agents and automations with defined roles, permissions and human review. Includes the Capra unicorn mark and studio colors."
19-operations,AI,Pinterest,Connect the work. Keep control.,"Connect the work. Keep control. Sales, service, administration and delivery do not happen in isolation. We help map the work between them and design connected operations with responsibilities, permissions and review built in. Explore Capra Studios, an Atlanta software, web and AI studio. https://caprastudios.co/ai-consulting.html",https://caprastudios.co/ai-consulting.html,social/19-operations/day/pin.png,"Connect the work. Keep control. Capra Studios campaign. Agents and automations with defined roles, permissions and human review. Includes the Capra unicorn mark and studio colors."
20-business-first,AI,Instagram / Facebook,Better business begins with the work.,"Before picking an AI tool, map how the business runs. Where does information live? Who owns the decision? Where is time lost? Those answers create a better implementation plan.

Explore the work at caprastudios.co.

#CapraStudios #AtlantaDesign #AIConsulting",https://caprastudios.co/ai-consulting.html,social/20-business-first/day/portrait.png,"Better business begins with the work. Capra Studios campaign. Practical AI consulting, from a first use case to an operating roadmap. Includes the Capra unicorn mark and studio colors."
20-business-first,AI,LinkedIn,Better business begins with the work.,"Before picking an AI tool, map how the business runs. Where does information live? Who owns the decision? Where is time lost? Those answers create a better implementation plan.

The starting point is a business problem, a clear scope and a way to measure whether the system is useful.

https://caprastudios.co/ai-consulting.html",https://caprastudios.co/ai-consulting.html,social/20-business-first/day/landscape.png,"Better business begins with the work. Capra Studios campaign. Practical AI consulting, from a first use case to an operating roadmap. Includes the Capra unicorn mark and studio colors."
20-business-first,AI,X / Threads / Bluesky,Better business begins with the work.,"Better business begins with the work. Practical AI consulting, from a first use case to an operating roadmap.
https://caprastudios.co/ai-consulting.html",https://caprastudios.co/ai-consulting.html,social/20-business-first/day/portrait.png,"Better business begins with the work. Capra Studios campaign. Practical AI consulting, from a first use case to an operating roadmap. Includes the Capra unicorn mark and studio colors."
20-business-first,AI,Pinterest,Better business begins with the work.,"Better business begins with the work. Before picking an AI tool, map how the business runs. Where does information live? Who owns the decision? Where is time lost? Those answers create a better implementation plan. Explore Capra Studios, an Atlanta software, web and AI studio. https://caprastudios.co/ai-consulting.html",https://caprastudios.co/ai-consulting.html,social/20-business-first/day/pin.png,"Better business begins with the work. Capra Studios campaign. Practical AI consulting, from a first use case to an operating roadmap. Includes the Capra unicorn mark and studio colors."
21-three-disciplines,Studio,Instagram / Facebook,Software. Web. AI.,"A new product may need an application, a website that tells its story and an agent that helps people use it. Capra brings those conversations together.

Explore the work at caprastudios.co.

#CapraStudios #AtlantaDesign #CreativeStudio",https://caprastudios.co/,social/21-three-disciplines/day/portrait.png,Software. Web. AI. Capra Studios campaign. Three ways to make an idea tangible. One team to bring it together. Includes the Capra unicorn mark and studio colors.
21-three-disciplines,Studio,LinkedIn,Software. Web. AI.,"A new product may need an application, a website that tells its story and an agent that helps people use it. Capra brings those conversations together.

Software, web and AI are connected parts of how we make an idea tangible.

https://caprastudios.co/",https://caprastudios.co/,social/21-three-disciplines/day/landscape.png,Software. Web. AI. Capra Studios campaign. Three ways to make an idea tangible. One team to bring it together. Includes the Capra unicorn mark and studio colors.
21-three-disciplines,Studio,X / Threads / Bluesky,Software. Web. AI.,"Software. Web. AI. Three ways to make an idea tangible. One team to bring it together.
https://caprastudios.co/",https://caprastudios.co/,social/21-three-disciplines/day/portrait.png,Software. Web. AI. Capra Studios campaign. Three ways to make an idea tangible. One team to bring it together. Includes the Capra unicorn mark and studio colors.
21-three-disciplines,Studio,Pinterest,Software. Web. AI.,"Software. Web. AI. A new product may need an application, a website that tells its story and an agent that helps people use it. Capra brings those conversations together. Explore Capra Studios, an Atlanta software, web and AI studio. https://caprastudios.co/",https://caprastudios.co/,social/21-three-disciplines/day/pin.png,Software. Web. AI. Capra Studios campaign. Three ways to make an idea tangible. One team to bring it together. Includes the Capra unicorn mark and studio colors.
22-project-invitation,Studio,Instagram / Facebook,What are you imagining?,"A better customer experience? A process that finally makes sense? A website with a stronger point of view? Tell us what you are imagining. Let us find the right way to build it.

Explore the work at caprastudios.co.

#CapraStudios #AtlantaDesign #CreativeStudio",https://caprastudios.co/,social/22-project-invitation/day/portrait.png,What are you imagining? Capra Studios campaign. Tell us what you want to make or improve. We will find the right way to build it. Includes the Capra unicorn mark and studio colors.
22-project-invitation,Studio,LinkedIn,What are you imagining?,"A better customer experience? A process that finally makes sense? A website with a stronger point of view? Tell us what you are imagining. Let us find the right way to build it.

Software, web and AI are connected parts of how we make an idea tangible.

https://caprastudios.co/",https://caprastudios.co/,social/22-project-invitation/day/landscape.png,What are you imagining? Capra Studios campaign. Tell us what you want to make or improve. We will find the right way to build it. Includes the Capra unicorn mark and studio colors.
22-project-invitation,Studio,X / Threads / Bluesky,What are you imagining?,"What are you imagining? Tell us what you want to make or improve. We will find the right way to build it.
https://caprastudios.co/",https://caprastudios.co/,social/22-project-invitation/day/portrait.png,What are you imagining? Capra Studios campaign. Tell us what you want to make or improve. We will find the right way to build it. Includes the Capra unicorn mark and studio colors.
22-project-invitation,Studio,Pinterest,What are you imagining?,"What are you imagining? A better customer experience? A process that finally makes sense? A website with a stronger point of view? Tell us what you are imagining. Let us find the right way to build it. Explore Capra Studios, an Atlanta software, web and AI studio. https://caprastudios.co/",https://caprastudios.co/,social/22-project-invitation/day/pin.png,What are you imagining? Capra Studios campaign. Tell us what you want to make or improve. We will find the right way to build it. Includes the Capra unicorn mark and studio colors.
23-impression,Studio,Instagram / Facebook,Let’s make an impression.,"The next version of your business deserves a clear idea and a considered execution. Bring us the challenge. We will help turn it into something people can use, understand and remember.

Explore the work at caprastudios.co.

#CapraStudios #AtlantaDesign #CreativeStudio",https://caprastudios.co/,social/23-impression/day/portrait.png,"Let’s make an impression. Capra Studios campaign. Design, development and motion for your next chapter. Features a still from Capra’s ink work."
23-impression,Studio,LinkedIn,Let’s make an impression.,"The next version of your business deserves a clear idea and a considered execution. Bring us the challenge. We will help turn it into something people can use, understand and remember.

Software, web and AI are connected parts of how we make an idea tangible.

https://caprastudios.co/",https://caprastudios.co/,social/23-impression/day/landscape.png,"Let’s make an impression. Capra Studios campaign. Design, development and motion for your next chapter. Features a still from Capra’s ink work."
23-impression,Studio,X / Threads / Bluesky,Let’s make an impression.,"Let’s make an impression. Design, development and motion for your next chapter.
https://caprastudios.co/",https://caprastudios.co/,social/23-impression/day/portrait.png,"Let’s make an impression. Capra Studios campaign. Design, development and motion for your next chapter. Features a still from Capra’s ink work."
23-impression,Studio,Pinterest,Let’s make an impression.,"Let’s make an impression. The next version of your business deserves a clear idea and a considered execution. Bring us the challenge. We will help turn it into something people can use, understand and remember. Explore Capra Studios, an Atlanta software, web and AI studio. https://caprastudios.co/",https://caprastudios.co/,social/23-impression/day/pin.png,"Let’s make an impression. Capra Studios campaign. Design, development and motion for your next chapter. Features a still from Capra’s ink work."
24-direct,Studio,Instagram / Facebook,Meet the people making the work.,"Capra is led by Kris Brown. Designers, engineers, motion artists and AI builders come together around the project, with direct conversations and a shared understanding of the work.

Explore the work at caprastudios.co.

#CapraStudios #AtlantaDesign #CreativeStudio",https://caprastudios.co/,social/24-direct/day/portrait.png,"Meet the people making the work. Capra Studios campaign. A small team of specialists, led by Kris Brown in Atlanta. Includes the Capra unicorn mark and studio colors."
24-direct,Studio,LinkedIn,Meet the people making the work.,"Capra is led by Kris Brown. Designers, engineers, motion artists and AI builders come together around the project, with direct conversations and a shared understanding of the work.

Software, web and AI are connected parts of how we make an idea tangible.

https://caprastudios.co/",https://caprastudios.co/,social/24-direct/day/landscape.png,"Meet the people making the work. Capra Studios campaign. A small team of specialists, led by Kris Brown in Atlanta. Includes the Capra unicorn mark and studio colors."
24-direct,Studio,X / Threads / Bluesky,Meet the people making the work.,"Meet the people making the work. A small team of specialists, led by Kris Brown in Atlanta.
https://caprastudios.co/",https://caprastudios.co/,social/24-direct/day/portrait.png,"Meet the people making the work. Capra Studios campaign. A small team of specialists, led by Kris Brown in Atlanta. Includes the Capra unicorn mark and studio colors."
24-direct,Studio,Pinterest,Meet the people making the work.,"Meet the people making the work. Capra is led by Kris Brown. Designers, engineers, motion artists and AI builders come together around the project, with direct conversations and a shared understanding of the work. Explore Capra Studios, an Atlanta software, web and AI studio. https://caprastudios.co/",https://caprastudios.co/,social/24-direct/day/pin.png,"Meet the people making the work. Capra Studios campaign. A small team of specialists, led by Kris Brown in Atlanta. Includes the Capra unicorn mark and studio colors."
bonus-01,Studio,Flexible organic post,The next good idea,"The next good idea may be a conversation away. Tell us what your business is trying to make possible. We will help shape the next step.

https://caprastudios.co/",https://caprastudios.co/,profiles/avatar-lime-night.png,Capra Studios unicorn mark.
bonus-02,Studio,Flexible organic post,Direct is a design decision,"Working with a small team means talking directly to the people shaping the work. Questions reach the people who can answer them.

https://caprastudios.co/",https://caprastudios.co/,profiles/avatar-lime-night.png,Capra Studios unicorn mark.
bonus-03,Studio,Flexible organic post,A point of view,"A studio identity should feel like the work it makes. Ours has room for clear type, bold color, useful software and a little after-dark experimentation.

https://caprastudios.co/",https://caprastudios.co/,profiles/avatar-lime-night.png,Capra Studios unicorn mark.
bonus-04,Studio,Flexible organic post,Both sides of the studio,"Try the light switch on our site. The same work takes on a different atmosphere. Which side feels more like your next project?

https://caprastudios.co/",https://caprastudios.co/,profiles/avatar-lime-night.png,Capra Studios unicorn mark.
bonus-05,Studio,Flexible organic post,One useful starting point,"A new project does not need to begin with a long feature list. Start with one problem you want to solve and the person it needs to help.

https://caprastudios.co/",https://caprastudios.co/,profiles/avatar-lime-night.png,Capra Studios unicorn mark.
bonus-06,Studio,Flexible organic post,Made in Atlanta,"We are a small team of specialists in Atlanta. Bring us a product idea, a website that needs a new chapter or a workflow worth improving.

https://caprastudios.co/",https://caprastudios.co/,profiles/avatar-lime-night.png,Capra Studios unicorn mark.
bonus-07,Software,Flexible organic post,Name the next action,"A useful screen makes the next action understandable. Before adding another button, ask what decision the person is here to make.

https://caprastudios.co/work.html",https://caprastudios.co/work.html,profiles/avatar-lime-night.png,Capra Studios unicorn mark.
bonus-08,Software,Flexible organic post,Design the handoff,"Good software carries context from one person to the next. A handoff should not require someone to reconstruct the whole story.

https://caprastudios.co/work.html",https://caprastudios.co/work.html,profiles/avatar-lime-night.png,Capra Studios unicorn mark.
bonus-09,Software,Flexible organic post,Beyond the happy path,"Missing information, errors and recovery are part of the product. We design those moments alongside the ideal flow.

https://caprastudios.co/work.html",https://caprastudios.co/work.html,profiles/avatar-lime-night.png,Capra Studios unicorn mark.
bonus-10,Software,Flexible organic post,The spreadsheet question,"If a spreadsheet has become the operating system for a process, it may be time to map what the team actually needs. That map comes before the application.

https://caprastudios.co/work.html",https://caprastudios.co/work.html,profiles/avatar-lime-night.png,Capra Studios unicorn mark.
bonus-11,Software,Flexible organic post,Make the status visible,"Waiting, reviewing, approved, complete: a clear state tells a team where the work is and what can happen next.

https://caprastudios.co/work.html",https://caprastudios.co/work.html,profiles/avatar-lime-night.png,Capra Studios unicorn mark.
bonus-12,Software,Flexible organic post,Built around people,"Custom software is most useful when it reflects the work of the people using it. Roles, context and real decisions should shape the interface.

https://caprastudios.co/work.html",https://caprastudios.co/work.html,profiles/avatar-lime-night.png,Capra Studios unicorn mark.
bonus-13,Web,Flexible organic post,A reason to move,"Before we animate something, we ask what the movement is doing. Guiding attention? Explaining a change? Giving the brand a moment?

https://caprastudios.co/motion.html",https://caprastudios.co/motion.html,profiles/avatar-lime-night.png,Capra Studios unicorn mark.
bonus-14,Web,Flexible organic post,The first impression,"The opening of a website should establish a point of view and make the next step clear. Good-looking and useful belong in the same brief.

https://caprastudios.co/motion.html",https://caprastudios.co/motion.html,profiles/avatar-lime-night.png,Capra Studios unicorn mark.
bonus-15,Web,Flexible organic post,A small interaction,"A small response can change how a page feels. Motion can acknowledge an action without taking over the experience.

https://caprastudios.co/motion.html",https://caprastudios.co/motion.html,profiles/avatar-lime-night.png,Capra Studios unicorn mark.
bonus-16,Web,Flexible organic post,Keep the story clear,"A brand film needs a beginning, a change and a payoff. Even twenty seconds is enough to tell a considered story.

https://caprastudios.co/motion.html",https://caprastudios.co/motion.html,profiles/avatar-lime-night.png,Capra Studios unicorn mark.
bonus-17,Web,Flexible organic post,When the motion stops,"A website should still make sense when motion is paused. Clear copy and a considered static composition are part of the design.

https://caprastudios.co/motion.html",https://caprastudios.co/motion.html,profiles/avatar-lime-night.png,Capra Studios unicorn mark.
bonus-18,Web,Flexible organic post,Depth with purpose,"A 3D piece should give an idea something a flat frame cannot: form, atmosphere, perspective or a transformation worth watching.

https://caprastudios.co/motion.html",https://caprastudios.co/motion.html,profiles/avatar-lime-night.png,Capra Studios unicorn mark.
bonus-19,AI,Flexible organic post,Define the job,"Before building an agent, finish this sentence: When a person asks for this, the system should do that. A clear job makes a better starting point.

https://caprastudios.co/ai-consulting.html",https://caprastudios.co/ai-consulting.html,profiles/avatar-lime-night.png,Capra Studios unicorn mark.
bonus-20,AI,Flexible organic post,Knowledge has owners,"A knowledge system needs more than documents. It needs current information, access rules and people responsible for keeping it useful.

https://caprastudios.co/ai-consulting.html",https://caprastudios.co/ai-consulting.html,profiles/avatar-lime-night.png,Capra Studios unicorn mark.
bonus-21,AI,Flexible organic post,Retrieval before response,"A RAG system retrieves relevant information and gives it to the model as context. The quality of that retrieval matters to the usefulness of the answer.

https://caprastudios.co/ai-consulting.html",https://caprastudios.co/ai-consulting.html,profiles/avatar-lime-night.png,Capra Studios unicorn mark.
bonus-22,AI,Flexible organic post,A helpful handoff,"A support agent should know what details to collect and when a person should take over. The handoff is part of the design.

https://caprastudios.co/ai-consulting.html",https://caprastudios.co/ai-consulting.html,profiles/avatar-lime-night.png,Capra Studios unicorn mark.
bonus-23,AI,Flexible organic post,Permission by design,"Connecting an agent to a tool is only one part of the work. Define which actions it may take, which need approval and how exceptions are handled.

https://caprastudios.co/ai-consulting.html",https://caprastudios.co/ai-consulting.html,profiles/avatar-lime-night.png,Capra Studios unicorn mark.
bonus-24,AI,Flexible organic post,A useful pilot,"A pilot should answer a decision: is this system useful enough to expand? Agree how you will judge that before building it.

https://caprastudios.co/ai-consulting.html",https://caprastudios.co/ai-consulting.html,profiles/avatar-lime-night.png,Capra Studios unicorn mark.
bonus-25,AI,Flexible organic post,Use the tools you have,"An AI project does not automatically mean replacing the tools already in the business. Start by reviewing what can be connected.

https://caprastudios.co/ai-consulting.html",https://caprastudios.co/ai-consulting.html,profiles/avatar-lime-night.png,Capra Studios unicorn mark.
bonus-26,AI,Flexible organic post,Measure the right things,"Useful answers, successful handoffs, errors, time and operating cost can all matter. Choose the measures that fit the workflow.

https://caprastudios.co/ai-consulting.html",https://caprastudios.co/ai-consulting.html,profiles/avatar-lime-night.png,Capra Studios unicorn mark.
bonus-27,AI,Flexible organic post,"A roadmap, not a shopping list","An operating roadmap connects workflows, people, knowledge and tools. A list of AI products does not do that on its own.

https://caprastudios.co/ai-consulting.html",https://caprastudios.co/ai-consulting.html,profiles/avatar-lime-night.png,Capra Studios unicorn mark.
bonus-28,AI,Flexible organic post,Keep the business in control,"As automation expands, responsibilities should stay clear. Build monitoring, approvals and human review into the operating approach.

https://caprastudios.co/ai-consulting.html",https://caprastudios.co/ai-consulting.html,profiles/avatar-lime-night.png,Capra Studios unicorn mark.
bonus-29,Project,Flexible organic post,"Course, pace, fuel","TrailGoat brings course planning, pace and fueling together for trail and ultra runners. Explore the product and the brand film on our site.

https://caprastudios.co/work.html",https://caprastudios.co/work.html,profiles/avatar-lime-night.png,Capra Studios unicorn mark.
bonus-30,Project,Flexible organic post,A moment in staffing,"Purple Squirrel is designed around a specific handoff: a recruiter submits a candidate and a client reviews them. That focus shapes the experience.

https://caprastudios.co/work.html",https://caprastudios.co/work.html,profiles/avatar-lime-night.png,Capra Studios unicorn mark.
bonus-31,Project,Flexible organic post,Twenty seconds of transformation,"Our TrailGoat brand film begins with blocks and resolves into a wordmark. Between those points, the identity gets a little life.

https://caprastudios.co/work.html",https://caprastudios.co/work.html,profiles/avatar-lime-night.png,Capra Studios unicorn mark.
bonus-32,Project,Flexible organic post,A product and its story,"For TrailGoat, design, development and motion sit together. The application does the work; the film gives the identity another way to be seen.

https://caprastudios.co/work.html",https://caprastudios.co/work.html,profiles/avatar-lime-night.png,Capra Studios unicorn mark.
bonus-33,Studio,Flexible organic post,Bring the rough idea,"Bring the rough idea. Bring the broken process. Bring the website you have outgrown. A useful first conversation can begin with any of them.

https://caprastudios.co/",https://caprastudios.co/,profiles/avatar-lime-night.png,Capra Studios unicorn mark.
bonus-34,Web,Flexible organic post,Color can do a job,"Color can guide, distinguish and give a brand a voice. On Capra’s site, it changes with the light while the underlying experience stays coherent.

https://caprastudios.co/motion.html",https://caprastudios.co/motion.html,profiles/avatar-lime-night.png,Capra Studios unicorn mark.
bonus-35,Software,Flexible organic post,Clarity is a feature,"Sometimes the most valuable feature is knowing exactly what is happening and what to do next. That is a worthwhile software brief.

https://caprastudios.co/work.html",https://caprastudios.co/work.html,profiles/avatar-lime-night.png,Capra Studios unicorn mark.
bonus-36,Studio,Flexible organic post,Let us make it tangible,"What are you imagining next? Tell Capra about the thing you want to make or improve. We will help find the right way to build it.

https://caprastudios.co/",https://caprastudios.co/,profiles/avatar-lime-night.png,Capra Studios unicorn mark.
